sentence_id	split	category	source_text	model_segmented_text	ambiguity_case_ids	unresolved_case_ids	automatic_status	sentence_review_status	sentence_reviewer_notes
nfp-001	dev	News and formal prose	ក្រសួងបានប្រកាសផែនការថ្មីសម្រាប់អភិវឌ្ឍសេដ្ឋកិច្ចជាតិ។	ក្រសួង បាន ប្រកាស ផែនការ ថ្មី សម្រាប់ អភិវឌ្ឍ សេដ្ឋកិច្ច ជាតិ ។	amb-0001	none	needs_context_review	approved	Confirm naturalness and spelling.
nfp-002	dev	News and formal prose	កិច្ចប្រជុំបានចាប់ផ្តើមនៅព្រឹកថ្ងៃចន្ទ។	កិច្ច ប្រជុំ បាន ចាប់ផ្តើម នៅ ព្រឹក ថ្ងៃ ចន្ទ ។	amb-0002	none	needs_context_review	approved	Confirm naturalness and spelling.
nfp-003	dev	News and formal prose	អាជ្ញាធរកំពុងពិនិត្យមូលហេតុនៃគ្រោះថ្នាក់នេះ។	អាជ្ញាធរ កំពុង ពិនិត្យ មូលហេតុ នៃ គ្រោះថ្នាក់ នេះ ។	amb-0003,amb-0004	none	needs_context_review	approved	Confirm naturalness and spelling.
nfp-004	dev	News and formal prose	ភ្លៀងធ្លាក់ខ្លាំងបានបណ្តាលឱ្យផ្លូវមួយចំនួនលិចទឹក។	ភ្លៀង ធ្លាក់ ខ្លាំង បាន បណ្តាល ឱ្យ ផ្លូវ មួយចំនួន លិច ទឹក ។	amb-0005	none	needs_context_review	approved	Confirm naturalness and spelling.
nfp-005	dev	News and formal prose	តម្លៃស្រូវបានកើនឡើងបន្តិចក្នុងសប្តាហ៍នេះ។	តម្លៃ ស្រូវ បាន កើន ឡើង បន្តិច ក្នុង សប្តាហ៍ នេះ ។	none	none	automatically_resolved	approved	Confirm naturalness and spelling.
nfp-006	dev	News and formal prose	ក្រុមគ្រូពេទ្យបានចុះពិនិត្យសុខភាពប្រជាពលរដ្ឋដោយឥតគិតថ្លៃ។	ក្រុម គ្រូ ពេទ្យ បាន ចុះ ពិនិត្យ សុខភាព ប្រជាពលរដ្ឋ ដោយ ឥតគិតថ្លៃ ។	amb-0006,amb-0007	none	needs_context_review	approved	""
nfp-007	dev	News and formal prose	រដ្ឋាភិបាលបានអនុម័តគម្រោងសាងសង់ស្ពានថ្មី។	រដ្ឋាភិបាល បាន អនុម័ត គម្រោង សាងសង់ ស្ពាន ថ្មី ។	amb-0008	none	needs_context_review	approved	Confirm naturalness and spelling.
nfp-008	dev	News and formal prose	ប្រជាពលរដ្ឋបានចូលរួមដាំកូនឈើនៅតាមដងផ្លូវ។	ប្រជាពលរដ្ឋ បាន ចូលរួម ដាំ កូនឈើ នៅ តាម ដង ផ្លូវ ។	amb-0009,amb-0010	none	needs_context_review	approved	""
nfp-009	dev	News and formal prose	ក្រុមហ៊ុនបានបង្កើតការងារថ្មីជូនយុវជនក្នុងតំបន់។	ក្រុមហ៊ុន បាន បង្កើត ការងារ ថ្មី ជូន យុវជន ក្នុង តំបន់ ។	amb-0011	none	needs_context_review	approved	Confirm naturalness and spelling.
nfp-010	dev	News and formal prose	សាលារៀនជាច្រើនបានបើកទ្វារទទួលសិស្សឡើងវិញ។	សាលារៀន ជា ច្រើន បាន បើក ទ្វារ ទទួល សិស្ស ឡើង វិញ ។	amb-0012	none	needs_context_review	approved	""
nfp-011	dev	News and formal prose	អ្នកជំនាញព្យាករថាអាកាសធាតុនឹងត្រជាក់ជាងមុន។	អ្នក ជំនាញ ព្យាករ ថា អាកាសធាតុ នឹង ត្រជាក់ ជាង មុន ។	amb-0013	none	needs_context_review	approved	""
nfp-012	dev	News and formal prose	ទិន្នផលកសិកម្មឆ្នាំនេះមានកំណើនគួរឱ្យកត់សម្គាល់។	ទិន្នផល កសិកម្ម ឆ្នាំ នេះ មាន កំណើន គួរ ឱ្យ កត់ សម្គាល់ ។	none	unres-0001	has_unresolved_spans	approved	""
nfp-013	dev	News and formal prose	មន្ទីរពេទ្យថ្មីអាចទទួលអ្នកជំងឺបានច្រើនជាងមុន។	មន្ទីរ ពេទ្យ ថ្មី អាច ទទួល អ្នក ជំងឺ បាន ច្រើន ជាង មុន ។	none	none	automatically_resolved	approved	Confirm naturalness and spelling.
nfp-014	dev	News and formal prose	ពិធីបុណ្យបានប្រព្រឹត្តទៅក្រោមបរិយាកាសរីករាយ។	ពិធី បុណ្យ បាន ប្រព្រឹត្ត ទៅ ក្រោម បរិយាកាស រីករាយ ។	none	none	automatically_resolved	approved	Confirm naturalness and spelling.
nfp-015	dev	News and formal prose	ក្រុមកីឡាករកម្ពុជាបានឈ្នះមេដាយមាសពីរគ្រឿង។	ក្រុម កីឡាករ កម្ពុជា បាន ឈ្នះ មេដាយ មាស ពីរ គ្រឿង ។	amb-0014	none	needs_context_review	approved	Confirm naturalness and spelling.
nfp-016	dev	News and formal prose	មន្ត្រីជំនាញបានណែនាំឱ្យប្រជាជនប្រុងប្រយ័ត្នចំពោះខ្យល់កន្ត្រាក់។	មន្ត្រី ជំនាញ បាន ណែនាំ ឱ្យ ប្រជាជន ប្រុង ប្រយ័ត្ន ចំពោះ ខ្យល់កន្ត្រាក់ ។	amb-0015	none	needs_context_review	approved	Confirm naturalness and spelling.
nfp-017	dev	News and formal prose	ផ្សារថ្មីនឹងបើកដំណើរការនៅខែក្រោយ។	ផ្សារ ថ្មី នឹង បើក ដំណើរការ នៅ ខែ ក្រោយ ។	amb-0016	none	needs_context_review	approved	Confirm naturalness and spelling.
nfp-018	dev	News and formal prose	ការនាំចេញផលិតផលក្នុងស្រុកកំពុងកើនឡើងជាលំដាប់។	ការ នាំចេញ ផលិតផល ក្នុង ស្រុក កំពុង កើន ឡើងជា លំដាប់ ។	amb-0017,amb-0018,amb-0019	none	needs_context_review	approved	Confirm naturalness and spelling.
nfp-019	dev	News and formal prose	អង្គការសង្គមស៊ីវិលបានស្នើឱ្យមានកិច្ចពិភាក្សាបន្ថែម។	អង្គការ សង្គមស៊ីវិល បាន ស្នើ ឱ្យ មាន កិច្ច ពិភាក្សា បន្ថែម ។	amb-0020,amb-0021	none	needs_context_review	approved	Confirm naturalness and spelling.
nfp-020	dev	News and formal prose	ក្រុមអ្នកស្រាវជ្រាវបានរកឃើញប្រភេទរុក្ខជាតិដ៏កម្រ។	ក្រុម អ្នក ស្រាវជ្រាវ បាន រក ឃើញ ប្រភេទ រុក្ខជាតិ ដ៏ កម្រ ។	none	none	automatically_resolved	approved	Confirm naturalness and spelling.
nfp-021	dev	News and formal prose	ទឹកទន្លេបានស្រកចុះបន្ទាប់ពីភ្លៀងឈប់ធ្លាក់។	ទឹក ទន្លេ បាន ស្រក ចុះ បន្ទាប់ ពី ភ្លៀង ឈប់ ធ្លាក់ ។	none	none	automatically_resolved	approved	Confirm naturalness and spelling.
nfp-022	dev	News and formal prose	សហគមន៍បានរៀបចំកន្លែងស្នាក់នៅបណ្តោះអាសន្នសម្រាប់គ្រួសាររងគ្រោះ។	សហគមន៍ បាន រៀបចំ កន្លែង ស្នាក់នៅ បណ្តោះអាសន្ន សម្រាប់ គ្រួសារ រងគ្រោះ ។	amb-0022	unres-0002	has_unresolved_spans	approved	Confirm naturalness and spelling.
nfp-023	dev	News and formal prose	ក្រសួងអប់រំនឹងបន្ថែមបន្ទប់រៀននៅតំបន់ជនបទ។	ក្រសួង អប់រំ នឹង បន្ថែម បន្ទប់ រៀន នៅ តំបន់ ជនបទ ។	amb-0023	none	needs_context_review	approved	Confirm naturalness and spelling.
nfp-024	dev	News and formal prose	ការប្រកួតបាល់ទាត់ត្រូវបានពន្យារពេលដោយសារភ្លៀងខ្លាំង។	ការ ប្រកួត បាល់ទាត់ ត្រូវ បាន ពន្យារ ពេល ដោយសារ ភ្លៀង ខ្លាំង ។	amb-0024	none	needs_context_review	approved	Confirm naturalness and spelling.
nfp-025	dev	News and formal prose	រថយន្តដឹកទំនិញត្រូវបានហាមឃាត់មិនឱ្យឆ្លងកាត់ស្ពានចាស់។	រថយន្ត ដឹក ទំនិញ ត្រូវ បាន ហាមឃាត់ មិន ឱ្យ ឆ្លងកាត់ ស្ពាន ចាស់ ។	amb-0025,amb-0026	none	needs_context_review	approved	Confirm naturalness and spelling.
nfp-026	dev	News and formal prose	កសិករកំពុងប្រមូលផលស្រូវនៅតាមវាលស្រែ។	កសិករ កំពុង ប្រមូល ផល ស្រូវ នៅ តាម វាល ស្រែ ។	none	none	automatically_resolved	approved	Confirm naturalness and spelling.
nfp-027	dev	News and formal prose	មជ្ឈមណ្ឌលថ្មីផ្តល់ការបណ្តុះបណ្តាលជំនាញដល់អ្នកស្វែងរកការងារ។	មជ្ឈមណ្ឌល ថ្មី ផ្តល់ ការ បណ្តុះបណ្តាល ជំនាញ ដល់ អ្នក ស្វែងរក ការងារ ។	amb-0027,amb-0028,amb-0029	none	needs_context_review	approved	Confirm naturalness and spelling.
nfp-028	dev	News and formal prose	អាជ្ញាធរបានជួសជុលប្រព័ន្ធលូនៅកណ្តាលទីក្រុង។	អាជ្ញាធរ បាន ជួសជុល ប្រព័ន្ធ លូ នៅ កណ្តាល ទីក្រុង ។	amb-0030	none	needs_context_review	approved	Confirm naturalness and spelling.
nfp-029	dev	News and formal prose	អ្នកទេសចរបានមកទស្សនាតំបន់ប្រាសាទកាន់តែច្រើន។	អ្នក ទេសចរ បាន មក ទស្សនា តំបន់ ប្រាសាទ កាន់តែ ច្រើន ។	amb-0031	unres-0003	has_unresolved_spans	approved	Confirm naturalness and spelling.
nfp-030	dev	News and formal prose	គណៈកម្មការនឹងបង្ហាញលទ្ធផលជាផ្លូវការនៅថ្ងៃស្អែក។	គណៈកម្មការ នឹង បង្ហាញ លទ្ធផល ជា ផ្លូវ ការ នៅ ថ្ងៃ ស្អែក ។	none	none	automatically_resolved	approved	Confirm naturalness and spelling.
nfp-031	dev	News and formal prose	កំពង់ផែបានទទួលនាវាដឹកទំនិញចំនួនបីគ្រឿង។	កំពង់ផែ បាន ទទួល នាវា ដឹក ទំនិញ ចំនួន បី គ្រឿង ។	amb-0032	none	needs_context_review	approved	Confirm naturalness and spelling.
nfp-032	dev	News and formal prose	ប្រទេសទាំងពីរបានព្រមព្រៀងពង្រឹងកិច្ចសហប្រតិបត្តិការ។	ប្រទេស ទាំង ពីរ បាន ព្រមព្រៀង ពង្រឹង កិច្ច សហប្រតិបត្តិការ ។	none	none	automatically_resolved	approved	Confirm naturalness and spelling.
nfp-033	dev	News and formal prose	វិស័យទេសចរណ៍បានរួមចំណែកដល់កំណើនសេដ្ឋកិច្ច។	វិស័យ ទេសចរណ៍ បាន រួម ចំណែក ដល់ កំណើនសេដ្ឋកិច្ច ។	none	none	automatically_resolved	approved	Confirm naturalness and spelling.
nfp-034	dev	News and formal prose	ក្រុមអ្នកសង្គ្រោះបានជម្លៀសប្រជាជនចេញពីតំបន់គ្រោះថ្នាក់។	ក្រុម អ្នក សង្គ្រោះ បាន ជម្លៀស ប្រជាជន ចេញ ពី តំបន់ គ្រោះថ្នាក់ ។	amb-0033	none	needs_context_review	approved	Confirm naturalness and spelling.
nfp-035	dev	News and formal prose	អត្រាអ្នកចូលរៀនបានកើនឡើងក្នុងរយៈពេលប្រាំឆ្នាំចុងក្រោយ។	អត្រា អ្នក ចូល រៀន បាន កើន ឡើង ក្នុង រយៈ ពេល ប្រាំ ឆ្នាំ ចុងក្រោយ ។	amb-0034	none	needs_context_review	approved	Confirm naturalness and spelling.
nfp-036	dev	News and formal prose	ស្ថានីយអាកាសធាតុបានកត់ត្រាសីតុណ្ហភាពខ្ពស់បំផុតប្រចាំខែ។	ស្ថានីយ អាកាសធាតុ បាន កត់ ត្រា សីតុណ្ហភាព ខ្ពស់ បំផុត ប្រចាំ ខែ ។	amb-0035	none	needs_context_review	approved	Confirm naturalness and spelling.
nfp-037	dev	News and formal prose	សមាគមបានអំពាវនាវឱ្យសាធារណជនចូលរួមបរិច្ចាគឈាម។	សមាគម បាន អំពាវនាវ ឱ្យ សាធារណជន ចូលរួម បរិច្ចាគ ឈាម ។	amb-0036	none	needs_context_review	approved	Confirm naturalness and spelling.
nfp-038	dev	News and formal prose	ផ្លូវជាតិមួយខ្សែកំពុងត្រូវបានពង្រីកដើម្បីកាត់បន្ថយការកកស្ទះ។	ផ្លូវជាតិ មួយ ខ្សែ កំពុង ត្រូវ បាន ពង្រីក ដើម្បី កាត់ បន្ថយ ការ កកស្ទះ ។	amb-0037,amb-0038	none	needs_context_review	approved	Confirm naturalness and spelling.
nfp-039	dev	News and formal prose	ក្រុមប្រឹក្សាឃុំបានអនុម័តថវិកាសម្រាប់សាងសង់អណ្តូងទឹក។	ក្រុមប្រឹក្សា ឃុំ បាន អនុម័ត ថវិកា សម្រាប់ សាងសង់ អណ្តូង ទឹក ។	amb-0039,amb-0040	none	needs_context_review	approved	Confirm naturalness and spelling.
nfp-040	dev	News and formal prose	របាយការណ៍បង្ហាញថាគុណភាពខ្យល់មានភាពប្រសើរឡើង។	របាយការណ៍ បង្ហាញ ថា គុណភាព ខ្យល់ មាន ភាព ប្រសើរ ឡើង ។	amb-0041	none	needs_context_review	approved	Confirm naturalness and spelling.
nfp-041	test	News and formal prose	សន្និសីទអន្តរជាតិបានទាក់ទាញអ្នកចូលរួមមកពីប្រទេសជាច្រើន។	សន្និសីទ អន្តរជាតិ បាន ទាក់ទាញ អ្នក ចូលរួម មក ពី ប្រទេស ជា ច្រើន ។	amb-0042,amb-0043	none	needs_context_review	approved	Confirm naturalness and spelling.
nfp-042	test	News and formal prose	អ្នកនាំពាក្យបានបដិសេធព័ត៌មានដែលផ្សព្វផ្សាយតាមបណ្តាញសង្គម។	អ្នកនាំពាក្យ បាន បដិសេធ ព័ត៌មាន ដែល ផ្សព្វផ្សាយ តាម បណ្តាញសង្គម ។	amb-0044,amb-0045	none	needs_context_review	approved	Confirm naturalness and spelling.
nfp-043	test	News and formal prose	គម្រោងអភិរក្សនេះមានគោលបំណងការពារសត្វព្រៃជិតផុតពូជ។	គម្រោង អភិរក្ស នេះ មាន គោលបំណង ការពារ សត្វ ព្រៃ ជិត ផុតពូជ ។	amb-0046,amb-0047,amb-0048	none	needs_context_review	approved	Confirm naturalness and spelling.
nfp-044	test	News and formal prose	សភាបានបើកកិច្ចប្រជុំពេញអង្គដើម្បីពិភាក្សាសេចក្តីព្រាងច្បាប់។	សភា បាន បើក កិច្ច ប្រជុំ ពេញ អង្គ ដើម្បី ពិភាក្សា សេចក្តីព្រាងច្បាប់ ។	none	none	automatically_resolved	approved	Confirm naturalness and spelling.
nfp-045	test	News and formal prose	ក្រុមអាជីវករបានស្នើសុំឱ្យកែលម្អផ្លូវចូលផ្សារ។	ក្រុម អាជីវករ បាន ស្នើ សុំ ឱ្យ កែលម្អ ផ្លូវ ចូល ផ្សារ ។	amb-0049	none	needs_context_review	approved	Confirm naturalness and spelling.
nfp-046	test	News and formal prose	បណ្តាញផ្គត់ផ្គង់ទឹកស្អាតនឹងត្រូវពង្រីកទៅដល់ភូមិដាច់ស្រយាល។	បណ្តាញ ផ្គត់ ផ្គង់ ទឹក ស្អាត នឹង ត្រូវ ពង្រីក ទៅ ដល់ ភូមិ ដាច់ស្រយាល ។	none	none	automatically_resolved	approved	Confirm naturalness and spelling.
nfp-047	test	News and formal prose	ក្រសួងបានចេញសេចក្តីជូនដំណឹងស្តីពីកាលបរិច្ឆេទប្រឡង។	ក្រសួង បាន ចេញ សេចក្តី ជូនដំណឹង ស្តី ពី កាលបរិច្ឆេទ ប្រឡង ។	amb-0050,amb-0051	none	needs_context_review	approved	Confirm naturalness and spelling.
nfp-048	test	News and formal prose	ការសាងសង់អគារថ្មីសម្រេចបានជាងពាក់កណ្តាលហើយ។	ការ សាងសង់ អគារ ថ្មី សម្រេច បាន ជាង ពាក់កណ្តាល ហើយ ។	amb-0052,amb-0053	none	needs_context_review	approved	Confirm naturalness and spelling.
nfp-049	test	News and formal prose	អាជ្ញាធរកំពុងស៊ើបអង្កេតករណីបាត់បង់ឯកសារសំខាន់។	អាជ្ញាធរ កំពុង ស៊ើប អង្កេត ករណី បាត់បង់ ឯកសារ សំខាន់ ។	amb-0054	none	needs_context_review	approved	Confirm naturalness and spelling.
nfp-050	test	News and formal prose	ប្រព័ន្ធដឹកជញ្ជូនសាធារណៈនឹងបន្ថែមរថយន្តក្រុងដប់គ្រឿង។	ប្រព័ន្ធ ដឹក ជញ្ជូន សាធារណៈ នឹង បន្ថែម រថយន្តក្រុង ដប់ គ្រឿង ។	amb-0055	none	needs_context_review	approved	Confirm naturalness and spelling.
nfp-051	test	News and formal prose	គណៈប្រតិភូបានចូលជួបពិភាក្សាជាមួយថ្នាក់ដឹកនាំខេត្ត។	គណៈប្រតិភូ បាន ចូល ជួប ពិភាក្សា ជាមួយ ថ្នាក់ដឹកនាំ ខេត្ត ។	amb-0056,amb-0057	none	needs_context_review	approved	Confirm naturalness and spelling.
nfp-052	test	News and formal prose	អគ្គិភ័យត្រូវបានគ្រប់គ្រងដោយមិនមានអ្នករងរបួស។	អគ្គិភ័យ ត្រូវ បាន គ្រប់គ្រង ដោយ មិន មាន អ្នក រង របួស ។	none	none	automatically_resolved	approved	Confirm naturalness and spelling.
nfp-053	test	News and formal prose	តំបន់ការពារធម្មជាតិនេះមានជីវចម្រុះដ៏សម្បូរបែប។	តំបន់ ការពារ ធម្មជាតិ នេះ មាន ជី វ ចម្រុះ ដ៏ សម្បូរ បែប ។	amb-0058	none	needs_context_review	approved	Confirm naturalness and spelling.
nfp-054	test	News and formal prose	យុទ្ធនាការអប់រំសាធារណៈនឹងចាប់ផ្តើមនៅដើមឆ្នាំក្រោយ។	យុទ្ធនាការ អប់រំ សាធារណៈ នឹង ចាប់ផ្តើម នៅ ដើម ឆ្នាំ ក្រោយ ។	amb-0059,amb-0060	none	needs_context_review	approved	Confirm naturalness and spelling.
nfp-055	test	News and formal prose	ក្រុមអ្នកជំនាញកំពុងវាយតម្លៃផលប៉ះពាល់លើបរិស្ថាន។	ក្រុម អ្នក ជំនាញ កំពុង វាយតម្លៃ ផល ប៉ះពាល់ លើ បរិស្ថាន ។	amb-0061	none	needs_context_review	approved	Confirm naturalness and spelling.
nfp-056	test	News and formal prose	ពាណិជ្ជកម្មតាមព្រំដែនបានវិលត្រឡប់មកសភាពធម្មតាវិញ។	ពាណិជ្ជកម្ម តាម ព្រំដែន បាន វិល ត្រឡប់ មក សភាព ធម្មតា វិញ ។	none	none	automatically_resolved	approved	Confirm naturalness and spelling.
nfp-057	test	News and formal prose	មូលនិធិបានផ្តល់អាហារូបករណ៍ដល់និស្សិតក្រីក្រមួយរយនាក់។	មូលនិធិ បាន ផ្តល់ អាហារូបករណ៍ ដល់ និស្សិត ក្រី ក្រ មួយ រយ នាក់ ។	none	none	automatically_resolved	approved	Confirm naturalness and spelling.
nfp-058	test	News and formal prose	រដ្ឋបាលខេត្តបានរៀបចំវេទិកាសាធារណៈសម្រាប់ប្រជាពលរដ្ឋ។	រដ្ឋបាល ខេត្ត បាន រៀបចំ វេទិកាសាធារណៈ សម្រាប់ ប្រជាពលរដ្ឋ ។	amb-0062	none	needs_context_review	approved	Confirm naturalness and spelling.
nfp-059	test	News and formal prose	ទំនប់ទឹកត្រូវបានត្រួតពិនិត្យជាប្រចាំក្នុងរដូវវស្សា។	ទំនប់ ទឹក ត្រូវ បាន ត្រួត ពិនិត្យ ជា ប្រចាំ ក្នុង រដូវវស្សា ។	amb-0063	none	needs_context_review	approved	Confirm naturalness and spelling.
nfp-060	test	News and formal prose	លទ្ធផលបឋមនឹងត្រូវប្រកាសបន្ទាប់ពីការរាប់សន្លឹកឆ្នោត។	លទ្ធផល បឋម នឹង ត្រូវ ប្រកាស បន្ទាប់ ពី ការ រាប់ សន្លឹកឆ្នោត ។	amb-0064	none	needs_context_review	approved	Confirm naturalness and spelling.
con-001	dev	Conversational text	សួស្តីអ្នកសុខសប្បាយទេ?	សួស្តី អ្នក សុខសប្បាយ ទេ ?	amb-0065	none	needs_context_review	approved	Confirm naturalness and spelling.
con-002	dev	Conversational text	ខ្ញុំសុខសប្បាយទេអរគុណចុះអ្នកវិញ?	ខ្ញុំ សុខសប្បាយ ទេ អរគុណ ចុះ អ្នក វិញ ?	amb-0066,amb-0067	none	needs_context_review	approved	Confirm naturalness and spelling.
con-003	dev	Conversational text	ថ្ងៃនេះអ្នកចង់ញ៉ាំអ្វី?	ថ្ងៃ នេះ អ្នក ចង់ ញ៉ាំ អ្វី ?	none	none	automatically_resolved	approved	Confirm naturalness and spelling.
con-004	dev	Conversational text	ខ្ញុំចង់ទៅផ្សារជាមួយម្តាយ។	ខ្ញុំ ចង់ ទៅ ផ្សារ ជាមួយ ម្តាយ ។	amb-0068	none	needs_context_review	approved	Confirm naturalness and spelling.
con-005	dev	Conversational text	កុំភ្លេចយកឆ័ត្រទៅផង។	កុំ ភ្លេច យក ឆ័ត្រ ទៅ ផង ។	none	unres-0004	has_unresolved_spans	approved	Confirm naturalness and spelling.
con-006	dev	Conversational text	តើអ្នកមកដល់ផ្ទះហើយឬនៅ?	តើ អ្នក មក ដល់ ផ្ទះ ហើយ ឬ នៅ ?	none	none	automatically_resolved	approved	Confirm naturalness and spelling.
con-007	dev	Conversational text	បន្តិចទៀតខ្ញុំនឹងទៅដល់ហើយ។	បន្តិច ទៀត ខ្ញុំ នឹង ទៅ ដល់ ហើយ ។	none	none	automatically_resolved	approved	Confirm naturalness and spelling.
con-008	dev	Conversational text	សូមជួយបិទទ្វារឱ្យខ្ញុំផង។	សូម ជួយ បិទទ្វារ ឱ្យ ខ្ញុំ ផង ។	amb-0069	none	needs_context_review	approved	Confirm naturalness and spelling.
con-009	dev	Conversational text	យើងជួបគ្នានៅម៉ោងប្រាំល្ងាច។	យើង ជួប គ្នា នៅ ម៉ោង ប្រាំ ល្ងាច ។	none	none	automatically_resolved	approved	Confirm naturalness and spelling.
con-010	dev	Conversational text	ម្សិលមិញអ្នកបានមើលរឿងនោះទេ?	ម្សិលមិញ អ្នក បាន មើល រឿង នោះ ទេ ?	none	none	automatically_resolved	approved	Confirm naturalness and spelling.
con-011	dev	Conversational text	ខ្ញុំមិនទាន់ធ្វើកិច្ចការនោះចប់ទេ។	ខ្ញុំ មិន ទាន់ ធ្វើ កិច្ចការ នោះ ចប់ ទេ ។	amb-0070	none	needs_context_review	approved	Confirm naturalness and spelling.
con-012	dev	Conversational text	បើមានពេលសូមទូរស័ព្ទមកខ្ញុំ។	បើ មាន ពេល សូម ទូរ ស័ព្ទ មក ខ្ញុំ ។	none	none	automatically_resolved	approved	Confirm naturalness and spelling.
con-013	dev	Conversational text	ហេតុអ្វីអ្នកមកយឺតម្ល៉េះ?	ហេតុអ្វី អ្នក មក យឺត ម្ល៉េះ ?	amb-0071	none	needs_context_review	approved	Confirm naturalness and spelling.
con-014	dev	Conversational text	ផ្លូវស្ទះខ្លាំងទើបខ្ញុំមកយឺត។	ផ្លូវ ស្ទះ ខ្លាំង ទើប ខ្ញុំ មក យឺត ។	none	none	automatically_resolved	approved	Confirm naturalness and spelling.
con-015	dev	Conversational text	តោះយើងទៅផឹកកាហ្វេជាមួយគ្នា។	តោះ យើង ទៅ ផឹក កាហ្វេ ជាមួយ គ្នា ។	amb-0072	unres-0005	has_unresolved_spans	approved	Confirm naturalness and spelling.
con-016	dev	Conversational text	អ្នកអាចខ្ចីសៀវភៅនេះបាន។	អ្នក អាច ខ្ចី សៀវភៅ នេះ បាន ។	none	none	automatically_resolved	approved	Confirm naturalness and spelling.
con-017	dev	Conversational text	ខ្ញុំនឹងយកវាមកសងថ្ងៃស្អែក។	ខ្ញុំ នឹង យក វា មក សង ថ្ងៃ ស្អែក ។	none	none	automatically_resolved	approved	Confirm naturalness and spelling.
con-018	dev	Conversational text	សូមនិយាយម្តងទៀតខ្ញុំស្តាប់មិនច្បាស់។	សូម និយាយ ម្តង ទៀត ខ្ញុំ ស្តាប់ មិន ច្បាស់ ។	none	none	automatically_resolved	approved	Confirm naturalness and spelling.
con-019	dev	Conversational text	កូនៗកំពុងលេងនៅមុខផ្ទះ។	កូនៗ កំពុង លេង នៅ មុខ ផ្ទះ ។	none	none	automatically_resolved	approved	Confirm naturalness and spelling.
con-020	dev	Conversational text	ម្ហូបនេះឆ្ងាញ់ប៉ុន្តែរាងហឹរបន្តិច។	ម្ហូប នេះ ឆ្ងាញ់ ប៉ុន្តែ រាង ហឹរ បន្តិច ។	none	none	automatically_resolved	approved	Confirm naturalness and spelling.
con-021	dev	Conversational text	អ្នកចូលចិត្តស្តាប់តន្ត្រីប្រភេទណា?	អ្នក ចូលចិត្ត ស្តាប់ តន្ត្រី ប្រភេទ ណា ?	amb-0073	none	needs_context_review	approved	Confirm naturalness and spelling.
con-022	dev	Conversational text	ខ្ញុំចូលចិត្តបទចម្រៀងខ្មែរបុរាណ។	ខ្ញុំ ចូលចិត្ត បទចម្រៀង ខ្មែរ បុរាណ ។	amb-0074,amb-0075	none	needs_context_review	approved	Confirm naturalness and spelling.
con-023	dev	Conversational text	កុំបារម្ភអីខ្ញុំអាចដោះស្រាយបាន។	កុំ បារម្ភ អី ខ្ញុំ អាច ដោះស្រាយ បាន ។	none	unres-0006	has_unresolved_spans	approved	Confirm naturalness and spelling.
con-024	dev	Conversational text	អរគុណដែលបានជួយខ្ញុំកាលពីម្សិលមិញ។	អរគុណ ដែល បាន ជួយ ខ្ញុំ កាល ពី ម្សិលមិញ ។	amb-0076	none	needs_context_review	approved	Confirm naturalness and spelling.
con-025	dev	Conversational text	មិនអីទេយើងជាមិត្តនឹងគ្នា។	មិន អី ទេ យើង ជា មិត្ត នឹង គ្នា ។	none	unres-0007	has_unresolved_spans	approved	Confirm naturalness and spelling.
con-026	dev	Conversational text	ចាំខ្ញុំនៅទីនេះមួយភ្លែត។	ចាំ ខ្ញុំ នៅ ទី នេះ មួយ ភ្លែត ។	none	none	automatically_resolved	approved	Confirm naturalness and spelling.
con-027	dev	Conversational text	តើឡានក្រុងខ្សែនេះទៅផ្សារថ្មីទេ?	តើ ឡាន ក្រុង ខ្សែ នេះ ទៅ ផ្សារ ថ្មី ទេ ?	none	none	automatically_resolved	approved	Confirm naturalness and spelling.
con-028	test	Conversational text	បងអាចប្រាប់ផ្លូវទៅមន្ទីរពេទ្យបានទេ?	បង អាច ប្រាប់ផ្លូវ ទៅ មន្ទីរ ពេទ្យ បាន ទេ ?	amb-0077	none	needs_context_review	approved	Confirm naturalness and spelling.
con-029	test	Conversational text	ដើរត្រង់ទៅរួចបត់ឆ្វេងនៅស្តុប។	ដើរ ត្រង់ ទៅ រួច បត់ឆ្វេង នៅ ស្តុ ប ។	amb-0078	unres-0008	has_unresolved_spans	approved	Confirm naturalness and spelling.
con-030	test	Conversational text	អ្នកណាជាអ្នកផ្ញើសារនេះមក?	អ្នក ណា ជា អ្នក ផ្ញើសារ នេះ មក ?	amb-0079	none	needs_context_review	approved	Confirm naturalness and spelling.
con-031	test	Conversational text	ខ្ញុំមិនស្គាល់លេខទូរស័ព្ទនេះទេ។	ខ្ញុំ មិន ស្គាល់ លេខ ទូរ ស័ព្ទ នេះ ទេ ។	none	none	automatically_resolved	approved	Confirm naturalness and spelling.
con-032	test	Conversational text	ចុងសប្តាហ៍នេះយើងទៅលេងស្រុកបានទេ?	ចុងសប្តាហ៍ នេះ យើង ទៅ លេង ស្រុក បាន ទេ ?	amb-0080	none	needs_context_review	approved	Confirm naturalness and spelling.
con-033	test	Conversational text	ប្រហែលជាខ្ញុំត្រូវធ្វើការនៅថ្ងៃសៅរ៍។	ប្រហែល ជា ខ្ញុំ ត្រូវ ធ្វើការ នៅ ថ្ងៃ សៅរ៍ ។	amb-0081	none	needs_context_review	approved	Confirm naturalness and spelling.
con-034	test	Conversational text	បើអ្នកទំនេរយើងអាចជួបគ្នាថ្ងៃអាទិត្យ។	បើ អ្នក ទំនេរ យើង អាច ជួប គ្នា ថ្ងៃ អាទិត្យ ។	none	none	automatically_resolved	approved	Confirm naturalness and spelling.
con-035	test	Conversational text	សូមដាក់ស្ករតិចបានហើយ។	សូម ដាក់ ស្ករ តិច បាន ហើយ ។	none	none	automatically_resolved	approved	Confirm naturalness and spelling.
con-036	test	Conversational text	ខ្ញុំភ្លេចកាបូបនៅលើតុ។	ខ្ញុំ ភ្លេច កាបូប នៅ លើ តុ ។	none	none	automatically_resolved	approved	Confirm naturalness and spelling.
con-037	test	Conversational text	តើអ្នកឃើញកូនសោរបស់ខ្ញុំទេ?	តើ អ្នក ឃើញ កូនសោ របស់ ខ្ញុំ ទេ ?	amb-0082	none	needs_context_review	approved	Confirm naturalness and spelling.
con-038	test	Conversational text	វានៅក្បែរកុំព្យូទ័រក្នុងបន្ទប់។	វា នៅ ក្បែរ កុំព្យូទ័រ ក្នុង បន្ទប់ ។	none	none	automatically_resolved	approved	Confirm naturalness and spelling.
con-039	test	Conversational text	មេឃជិតភ្លៀងហើយយើងត្រឡប់ទៅផ្ទះវិញ។	មេឃ ជិត ភ្លៀង ហើយ យើង ត្រឡប់ ទៅ ផ្ទះ វិញ ។	none	none	automatically_resolved	approved	Confirm naturalness and spelling.
con-040	test	Conversational text	ជួបគ្នាថ្ងៃក្រោយសូមធ្វើដំណើរដោយសុវត្ថិភាព។	ជួប គ្នា ថ្ងៃក្រោយ សូម ធ្វើ ដំណើរ ដោយ សុវត្ថិភាព ។	amb-0083,amb-0084	none	needs_context_review	approved	Confirm naturalness and spelling.
pad-001	dev	Public administration	សូមភ្ជាប់ច្បាប់ចម្លងអត្តសញ្ញាណប័ណ្ណជាមួយពាក្យស្នើសុំ។	សូម ភ្ជាប់ ច្បាប់ ចម្លង អត្តសញ្ញាណប័ណ្ណ ជាមួយ ពាក្យ ស្នើ សុំ ។	amb-0085	none	needs_context_review	approved	Confirm naturalness and spelling.
pad-002	dev	Public administration	ប្រជាពលរដ្ឋអាចដាក់ពាក្យតាមប្រព័ន្ធអនឡាញ។	ប្រជាពលរដ្ឋ អាច ដាក់ពាក្យ តាម ប្រព័ន្ធ អនឡាញ ។	amb-0086	none	needs_context_review	approved	Confirm naturalness and spelling.
pad-003	dev	Public administration	ការិយាល័យបើកបម្រើពីម៉ោងប្រាំបីព្រឹកដល់ម៉ោងប្រាំល្ងាច។	ការិយាល័យ បើក បម្រើ ពី ម៉ោង ប្រាំបី ព្រឹក ដល់ ម៉ោង ប្រាំ ល្ងាច ។	amb-0087	none	needs_context_review	approved	Confirm naturalness and spelling.
pad-004	dev	Public administration	អ្នកដាក់ពាក្យត្រូវបំពេញព័ត៌មានឱ្យបានត្រឹមត្រូវ។	អ្នក ដាក់ពាក្យ ត្រូវ បំពេញ ព័ត៌មាន ឱ្យ បាន ត្រឹមត្រូវ ។	amb-0088,amb-0089	none	needs_context_review	approved	Confirm naturalness and spelling.
pad-005	dev	Public administration	សេវានេះមិនតម្រូវឱ្យបង់កម្រៃទេ។	សេវា នេះ មិន តម្រូវ ឱ្យ បង់ កម្រៃ ទេ ។	amb-0090	none	needs_context_review	approved	Confirm naturalness and spelling.
pad-006	dev	Public administration	មន្ត្រីទទួលបន្ទុកនឹងទាក់ទងអ្នកក្នុងរយៈពេលបីថ្ងៃ។	មន្ត្រី ទទួល បន្ទុក នឹង ទាក់ទង អ្នក ក្នុង រយៈ ពេល បី ថ្ងៃ ។	none	none	automatically_resolved	approved	Confirm naturalness and spelling.
pad-007	dev	Public administration	សូមយកឯកសារដើមមកផ្ទៀងផ្ទាត់នៅថ្ងៃណាត់។	សូម យក ឯកសារ ដើម មក ផ្ទៀងផ្ទាត់ នៅ ថ្ងៃ ណាត់ ។	none	none	automatically_resolved	approved	Confirm naturalness and spelling.
pad-008	dev	Public administration	ពាក្យស្នើសុំដែលខ្វះឯកសារនឹងមិនត្រូវបានទទួល។	ពាក្យ ស្នើ សុំ ដែល ខ្វះ ឯកសារ នឹង មិន ត្រូវ បាន ទទួល ។	none	none	automatically_resolved	approved	Confirm naturalness and spelling.
pad-009	dev	Public administration	រដ្ឋបាលឃុំចេញលិខិតបញ្ជាក់ទីលំនៅជូនប្រជាពលរដ្ឋ។	រដ្ឋបាល ឃុំ ចេញ លិខិត បញ្ជាក់ ទីលំនៅ ជូន ប្រជាពលរដ្ឋ ។	amb-0091	none	needs_context_review	approved	Confirm naturalness and spelling.
pad-010	dev	Public administration	ម្ចាស់អាជីវកម្មត្រូវស្នើសុំអាជ្ញាបណ្ណមុនបើកដំណើរការ។	ម្ចាស់ អាជីវកម្ម ត្រូវ ស្នើ សុំ អាជ្ញាបណ្ណ មុន បើក ដំណើរការ ។	amb-0092	none	needs_context_review	approved	Confirm naturalness and spelling.
pad-011	dev	Public administration	បណ្ណបើកបរនឹងផុតសុពលភាពនៅចុងខែនេះ។	បណ្ណបើកបរ នឹង ផុត សុពលភាព នៅ ចុងខែ នេះ ។	amb-0093	none	needs_context_review	approved	Confirm naturalness and spelling.
pad-012	dev	Public administration	សេចក្តីសម្រេចនេះចូលជាធរមានចាប់ពីថ្ងៃចុះហត្ថលេខា។	សេចក្តីសម្រេច នេះ ចូល ជា ធរមាន ចាប់ ពី ថ្ងៃ ចុះ ហត្ថលេខា ។	amb-0094	none	needs_context_review	approved	Confirm naturalness and spelling.
pad-013	dev	Public administration	អង្គភាពបានបង្កើតក្រុមការងារដើម្បីពិនិត្យបណ្តឹង។	អង្គភាព បាន បង្កើត ក្រុម ការងារ ដើម្បី ពិនិត្យ បណ្តឹង ។	amb-0095,amb-0096	none	needs_context_review	approved	Confirm naturalness and spelling.
pad-014	dev	Public administration	សាធារណជនអាចស្នើសុំព័ត៌មានតាមរយៈលិខិតផ្លូវការ។	សាធារណជន អាច ស្នើ សុំ ព័ត៌មាន តាមរយៈ លិខិត ផ្លូវ ការ ។	amb-0097	none	needs_context_review	approved	Confirm naturalness and spelling.
pad-015	dev	Public administration	មន្ទីរនឹងរៀបចំកិច្ចប្រជុំជាមួយតំណាងសហគមន៍។	មន្ទីរ នឹង រៀបចំ កិច្ច ប្រជុំ ជាមួយ តំណាង សហគមន៍ ។	amb-0098	none	needs_context_review	approved	Confirm naturalness and spelling.
pad-016	dev	Public administration	អ្នកទទួលផលត្រូវចុះឈ្មោះក្នុងបញ្ជីគ្រួសារក្រីក្រ។	អ្នក ទទួលផល ត្រូវ ចុះ ឈ្មោះ ក្នុង បញ្ជី គ្រួសារ ក្រី ក្រ ។	amb-0099	none	needs_context_review	approved	Confirm naturalness and spelling.
pad-017	dev	Public administration	ថវិកាគម្រោងត្រូវបានអនុម័តសម្រាប់ឆ្នាំសារពើពន្ធថ្មី។	ថវិកា គម្រោង ត្រូវ បាន អនុម័ត សម្រាប់ ឆ្នាំសារពើពន្ធ ថ្មី ។	amb-0100	none	needs_context_review	approved	Confirm naturalness and spelling.
pad-018	dev	Public administration	មន្ត្រីរាជការត្រូវគោរពក្រមសីលធម៌វិជ្ជាជីវៈ។	មន្ត្រី រាជការ ត្រូវ គោរព ក្រមសីលធម៌ វិជ្ជាជីវៈ ។	amb-0101	none	needs_context_review	approved	Confirm naturalness and spelling.
pad-019	dev	Public administration	សូមអញ្ជើញម្ចាស់ដីចូលរួមវាស់វែងព្រំប្រទល់។	សូម អញ្ជើញ ម្ចាស់ ដី ចូលរួម វាស់វែង ព្រំ ប្រទល់ ។	amb-0102,amb-0103	none	needs_context_review	approved	Confirm naturalness and spelling.
pad-020	dev	Public administration	គណៈកម្មការនឹងទទួលមតិយោបល់រហូតដល់ចុងខែ។	គណៈកម្មការ នឹង ទទួល មតិ យោបល់ រហូត ដល់ ចុងខែ ។	amb-0104	none	needs_context_review	approved	Confirm naturalness and spelling.
pad-021	dev	Public administration	ពន្ធលើអចលនទ្រព្យអាចបង់តាមធនាគារដៃគូ។	ពន្ធ លើ អចលនទ្រព្យ អាច បង់ តាម ធនាគារ ដៃគូ ។	amb-0105	none	needs_context_review	approved	Confirm naturalness and spelling.
pad-022	dev	Public administration	អ្នកបាត់អត្តសញ្ញាណប័ណ្ណត្រូវដាក់ពាក្យស្នើសុំធ្វើថ្មី។	អ្នក បាត់ អត្តសញ្ញាណប័ណ្ណ ត្រូវ ដាក់ពាក្យ ស្នើ សុំ ធ្វើ ថ្មី ។	amb-0106	none	needs_context_review	approved	Confirm naturalness and spelling.
pad-023	dev	Public administration	លិខិតអនុញ្ញាតសាងសង់មានសុពលភាពមួយឆ្នាំ។	លិខិត អនុញ្ញាត សាងសង់ មាន សុពលភាព មួយ ឆ្នាំ ។	amb-0107	none	needs_context_review	approved	Confirm naturalness and spelling.
pad-024	dev	Public administration	សេវាច្រកចេញចូលតែមួយជួយកាត់បន្ថយពេលវេលារង់ចាំ។	សេវា ច្រក ចេញចូល តែ មួយ ជួយ កាត់ បន្ថយ ពេល វេលា រង់ ចាំ ។	amb-0108,amb-0109	none	needs_context_review	approved	Confirm naturalness and spelling.
pad-025	dev	Public administration	កំណត់ហេតុប្រជុំត្រូវផ្ញើជូនសមាជិកទាំងអស់។	កំណត់ហេតុ ប្រជុំ ត្រូវ ផ្ញើ ជូន សមាជិក ទាំងអស់ ។	amb-0110,amb-0111	none	needs_context_review	approved	Confirm naturalness and spelling.
pad-026	dev	Public administration	ក្រសួងបានចាត់តាំងមន្ត្រីឱ្យចុះត្រួតពិនិត្យទីតាំង។	ក្រសួង បាន ចាត់តាំង មន្ត្រី ឱ្យ ចុះ ត្រួត ពិនិត្យ ទីតាំង ។	amb-0112,amb-0113	none	needs_context_review	approved	Confirm naturalness and spelling.
pad-027	dev	Public administration	សំណើនេះត្រូវបានបញ្ជូនទៅអង្គភាពជំនាញរួចហើយ។	សំណើ នេះ ត្រូវ បាន បញ្ជូន ទៅ អង្គភាព ជំនាញ រួច ហើយ ។	amb-0114	none	needs_context_review	approved	Confirm naturalness and spelling.
pad-028	test	Public administration	ប្រជាពលរដ្ឋត្រូវរាយការណ៍កំណើតកូនក្នុងរយៈពេលកំណត់។	ប្រជាពលរដ្ឋ ត្រូវ រាយការណ៍ កំណើតកូន ក្នុង រយៈ ពេល កំណត់ ។	amb-0115,amb-0116	none	needs_context_review	approved	Confirm naturalness and spelling.
pad-029	test	Public administration	ការចុះបញ្ជីអាពាហ៍ពិពាហ៍ធ្វើឡើងនៅសាលាឃុំ។	ការ ចុះបញ្ជី អាពាហ៍ពិពាហ៍ ធ្វើ ឡើង នៅ សាលា ឃុំ ។	amb-0117	none	needs_context_review	approved	Confirm naturalness and spelling.
pad-030	test	Public administration	អ្នកស្នើសុំត្រូវចុះហត្ថលេខានៅគ្រប់ទំព័រ។	អ្នក ស្នើ សុំ ត្រូវ ចុះ ហត្ថលេខា នៅ គ្រប់ ទំព័រ ។	none	none	automatically_resolved	approved	Confirm naturalness and spelling.
pad-031	test	Public administration	ពាក្យបណ្តឹងអាចដាក់ដោយផ្ទាល់ឬតាមប្រៃសណីយ៍។	ពាក្យបណ្តឹង អាច ដាក់ ដោយ ផ្ទាល់ ឬ តាម ប្រៃសណីយ៍ ។	amb-0118	none	needs_context_review	approved	Confirm naturalness and spelling.
pad-032	test	Public administration	មន្ត្រីបានកត់ត្រាសំណើរបស់ប្រជាពលរដ្ឋក្នុងប្រព័ន្ធ។	មន្ត្រី បាន កត់ ត្រា សំណើ របស់ ប្រជាពលរដ្ឋ ក្នុង ប្រព័ន្ធ ។	none	none	automatically_resolved	approved	Confirm naturalness and spelling.
pad-033	test	Public administration	អាជ្ញាធរមូលដ្ឋានត្រូវផ្សព្វផ្សាយព័ត៌មានឱ្យបានទូលំទូលាយ។	អាជ្ញាធរ មូលដ្ឋាន ត្រូវ ផ្សព្វផ្សាយ ព័ត៌មាន ឱ្យ បាន ទូលំ ទូលាយ ។	amb-0119,amb-0120	none	needs_context_review	approved	Confirm naturalness and spelling.
pad-034	test	Public administration	ក្រុមប្រឹក្សាបានពិភាក្សានិងអនុម័តផែនការអភិវឌ្ឍប្រាំឆ្នាំ។	ក្រុមប្រឹក្សា បាន ពិភាក្សា និង អនុម័ត ផែនការ អភិវឌ្ឍ ប្រាំ ឆ្នាំ ។	amb-0121,amb-0122	none	needs_context_review	approved	Confirm naturalness and spelling.
pad-035	test	Public administration	សេចក្តីជូនដំណឹងត្រូវបានបិទផ្សាយនៅមុខការិយាល័យ។	សេចក្តី ជូនដំណឹង ត្រូវ បាន បិទ ផ្សាយ នៅ មុខ ការិយាល័យ ។	amb-0123	none	needs_context_review	approved	Confirm naturalness and spelling.
pad-036	test	Public administration	អ្នកដែលមានពិការភាពទទួលបានអាទិភាពក្នុងការប្រើសេវា។	អ្នក ដែល មាន ពិការភាព ទទួលបាន អាទិភាព ក្នុង ការ ប្រើ សេវា ។	amb-0124,amb-0125,amb-0126,amb-0127	none	needs_context_review	approved	Confirm naturalness and spelling.
pad-037	test	Public administration	ទិន្នន័យផ្ទាល់ខ្លួនត្រូវរក្សាទុកដោយសុវត្ថិភាព។	ទិន្នន័យ ផ្ទាល់ ខ្លួន ត្រូវ រក្សាទុក ដោយ សុវត្ថិភាព ។	amb-0128,amb-0129	none	needs_context_review	approved	Confirm naturalness and spelling.
pad-038	test	Public administration	បេក្ខជនត្រូវដាក់ឯកសារមុនកាលបរិច្ឆេទផុតកំណត់។	បេក្ខជន ត្រូវ ដាក់ ឯកសារ មុន កាលបរិច្ឆេទ ផុត កំណត់ ។	amb-0130	none	needs_context_review	approved	Confirm naturalness and spelling.
pad-039	test	Public administration	បណ្ណកម្មសិទ្ធិត្រូវបានប្រគល់ជូនម្ចាស់ដីដោយផ្ទាល់។	បណ្ណកម្មសិទ្ធិ ត្រូវ បាន ប្រគល់ ជូន ម្ចាស់ ដី ដោយ ផ្ទាល់ ។	none	none	automatically_resolved	approved	Confirm naturalness and spelling.
pad-040	test	Public administration	អង្គភាពសាធារណៈត្រូវឆ្លើយតបចំពោះសំណើស្របតាមច្បាប់។	អង្គភាព សាធារណៈ ត្រូវ ឆ្លើយ តប ចំពោះ សំណើ ស្រប តាម ច្បាប់ ។	amb-0131	none	needs_context_review	approved	Confirm naturalness and spelling.
edu-001	dev	Education	សិស្សកំពុងអានសៀវភៅនៅក្នុងបណ្ណាល័យ។	សិស្ស កំពុង អាន សៀវភៅ នៅ ក្នុង បណ្ណាល័យ ។	none	none	automatically_resolved	approved	Confirm naturalness and spelling.
edu-002	dev	Education	គ្រូបានពន្យល់មេរៀនដោយប្រើឧទាហរណ៍ងាយៗ។	គ្រូ បាន ពន្យល់ មេ រៀន ដោយ ប្រើ ឧទាហរណ៍ ងាយៗ ។	none	none	automatically_resolved	approved	Confirm naturalness and spelling.
edu-003	dev	Education	ការអានជាប្រចាំជួយបង្កើនចំណេះដឹងនិងវាក្យសព្ទ។	ការ អាន ជា ប្រចាំ ជួយ បង្កើន ចំណេះ ដឹង និង វាក្យសព្ទ ។	amb-0132	none	needs_context_review	approved	Confirm naturalness and spelling.
edu-004	dev	Education	កុមារគួរលាងដៃមុនពេលញ៉ាំអាហារ។	កុមារ គួរ លាង ដៃ មុន ពេល ញ៉ាំ អាហារ ។	none	none	automatically_resolved	approved	Confirm naturalness and spelling.
edu-005	dev	Education	ផែនដីវិលជុំវិញព្រះអាទិត្យក្នុងរយៈពេលមួយឆ្នាំ។	ផែនដី វិល ជុំវិញ ព្រះ អាទិត្យ ក្នុង រយៈ ពេល មួយ ឆ្នាំ ។	amb-0133	none	needs_context_review	approved	Confirm naturalness and spelling.
edu-006	dev	Education	ទឹកអាចផ្លាស់ប្តូរពីរាវទៅជាចំហាយ។	ទឹក អាច ផ្លាស់ប្តូរ ពី រាវ ទៅជា ចំហាយ ។	amb-0134	none	needs_context_review	approved	Confirm naturalness and spelling.
edu-007	dev	Education	សិស្សបានធ្វើពិសោធន៍សាមញ្ញនៅក្នុងមន្ទីរពិសោធន៍។	សិស្ស បាន ធ្វើ ពិសោធន៍ សាមញ្ញ នៅ ក្នុង មន្ទីរពិសោធន៍ ។	amb-0135	none	needs_context_review	approved	Confirm naturalness and spelling.
edu-008	dev	Education	គ្រូបានសរសេរសំណួរចំនួនប្រាំនៅលើក្តារខៀន។	គ្រូ បាន សរសេរ សំណួរ ចំនួន ប្រាំ នៅ លើ ក្តារខៀន ។	none	none	automatically_resolved	approved	Confirm naturalness and spelling.
edu-009	dev	Education	ថ្នាក់រៀននេះមានសិស្សប្រុសនិងសិស្សស្រីស្មើគ្នា។	ថ្នាក់ រៀន នេះ មាន សិស្ស ប្រុស និង សិស្ស ស្រី ស្មើ គ្នា ។	none	none	automatically_resolved	approved	Confirm naturalness and spelling.
edu-010	dev	Education	និស្សិតត្រូវដាក់របាយការណ៍មុនថ្ងៃសុក្រ។	និស្សិត ត្រូវ ដាក់ របាយការណ៍ មុន ថ្ងៃ សុក្រ ។	none	none	automatically_resolved	approved	Confirm naturalness and spelling.
edu-011	dev	Education	មាតាបិតាគួរលើកទឹកចិត្តកូនឱ្យសួរសំណួរ។	មាតាបិតា គួរ លើកទឹកចិត្ត កូន ឱ្យ សួរ សំណួរ ។	amb-0136	none	needs_context_review	approved	Confirm naturalness and spelling.
edu-012	dev	Education	ភាសាខ្មែរមានព្យញ្ជនៈស្រៈនិងសញ្ញាជាច្រើន។	ភាសា ខ្មែរ មាន ព្យញ្ជនៈ ស្រៈ និង សញ្ញា ជា ច្រើន ។	none	none	automatically_resolved	approved	Confirm naturalness and spelling.
edu-013	dev	Education	លំហាត់នេះបង្រៀនសិស្សឱ្យចេះដោះស្រាយបញ្ហា។	លំហាត់ នេះ បង្រៀន សិស្ស ឱ្យ ចេះ ដោះស្រាយ បញ្ហា ។	amb-0137	none	needs_context_review	approved	Confirm naturalness and spelling.
edu-014	dev	Education	អ្នករៀនអាចស្វែងរកឯកសារបន្ថែមតាមអ៊ីនធឺណិត។	អ្នករៀន អាច ស្វែងរក ឯកសារ បន្ថែម តាម អ៊ីនធឺណិត ។	amb-0138,amb-0139	none	needs_context_review	approved	Confirm naturalness and spelling.
edu-015	dev	Education	ការងារជាក្រុមជួយឱ្យសិស្សចេះសហការគ្នា។	ការងារ ជា ក្រុម ជួយ ឱ្យ សិស្ស ចេះ សហការ គ្នា ។	amb-0140,amb-0141	none	needs_context_review	approved	Confirm naturalness and spelling.
edu-016	dev	Education	គ្រូបានកែកំហុសអក្ខរាវិរុទ្ធក្នុងអត្ថបទរបស់សិស្ស។	គ្រូ បាន កែ កំហុស អក្ខរាវិរុទ្ធ ក្នុង អត្ថបទ របស់ សិស្ស ។	none	none	automatically_resolved	approved	Confirm naturalness and spelling.
edu-017	dev	Education	សាលាបានរៀបចំកម្មវិធីអានសៀវភៅក្នុងថ្ងៃឈប់សម្រាក។	សាលា បាន រៀបចំ កម្មវិធី អាន សៀវភៅ ក្នុង ថ្ងៃឈប់ សម្រាក ។	amb-0142,amb-0143	none	needs_context_review	approved	Confirm naturalness and spelling.
edu-018	dev	Education	សិស្សត្រូវគោរពពេលវេលានិងវិន័យក្នុងថ្នាក់។	សិស្ស ត្រូវ គោរព ពេល វេលា និង វិន័យ ក្នុង ថ្នាក់ ។	none	none	automatically_resolved	approved	Confirm naturalness and spelling.
edu-019	dev	Education	ចំនួនគត់អាចជាចំនួនវិជ្ជមានអវិជ្ជមានឬសូន្យ។	ចំនួនគត់ អាច ជា ចំនួន វិជ្ជមាន អវិជ្ជមាន ឬ សូន្យ ។	amb-0144	none	needs_context_review	approved	Confirm naturalness and spelling.
edu-020	dev	Education	រុក្ខជាតិត្រូវការទឹកពន្លឺនិងខ្យល់ដើម្បីលូតលាស់។	រុក្ខជាតិ ត្រូវការ ទឹក ពន្លឺ និង ខ្យល់ ដើម្បី លូតលាស់ ។	amb-0145	none	needs_context_review	approved	Confirm naturalness and spelling.
edu-021	dev	Education	ផែនទីជួយឱ្យយើងស្គាល់ទីតាំងនិងទិសដៅ។	ផែនទី ជួយ ឱ្យ យើង ស្គាល់ ទីតាំង និង ទិសដៅ ។	amb-0146,amb-0147,amb-0148	none	needs_context_review	approved	Confirm naturalness and spelling.
edu-022	dev	Education	ប្រវត្តិសាស្ត្រជួយឱ្យយើងយល់ពីអតីតកាល។	ប្រវត្តិសាស្ត្រ ជួយ ឱ្យ យើង យល់ ពី អតីតកាល ។	amb-0149	none	needs_context_review	approved	Confirm naturalness and spelling.
edu-023	dev	Education	សិស្សម្នាក់ៗត្រូវរៀបចំកាលវិភាគសិក្សាផ្ទាល់ខ្លួន។	សិស្ស ម្នាក់ៗ ត្រូវ រៀបចំ កាលវិភាគ សិក្សា ផ្ទាល់ ខ្លួន ។	amb-0150	none	needs_context_review	approved	Confirm naturalness and spelling.
edu-024	test	Education	ការស្តាប់ដោយយកចិត្តទុកដាក់ជួយឱ្យយល់មេរៀនបានល្អ។	ការ ស្តាប់ ដោយ យកចិត្តទុកដាក់ ជួយ ឱ្យ យល់ មេ រៀន បាន ល្អ ។	none	none	automatically_resolved	approved	Confirm naturalness and spelling.
edu-025	test	Education	សាកលវិទ្យាល័យផ្តល់អាហារូបករណ៍ដល់និស្សិតឆ្នើម។	សាកលវិទ្យាល័យ ផ្តល់ អាហារូបករណ៍ ដល់ និស្សិត ឆ្នើម ។	none	none	automatically_resolved	approved	Confirm naturalness and spelling.
edu-026	test	Education	អ្នកស្រាវជ្រាវត្រូវបញ្ជាក់ប្រភពឯកសារដែលបានប្រើ។	អ្នក ស្រាវជ្រាវ ត្រូវ បញ្ជាក់ ប្រភព ឯកសារ ដែល បាន ប្រើ ។	none	none	automatically_resolved	approved	Confirm naturalness and spelling.
edu-027	test	Education	កុមារបានរៀនអំពីការបែងចែកសំរាមតាមប្រភេទ។	កុមារ បាន រៀន អំពី ការ បែងចែក សំរាម តាម ប្រភេទ ។	none	none	automatically_resolved	approved	Confirm naturalness and spelling.
edu-028	test	Education	វិទ្យាសាស្ត្រជួយពន្យល់បាតុភូតដែលកើតឡើងក្នុងធម្មជាតិ។	វិទ្យាសាស្ត្រ ជួយ ពន្យល់ បាតុភូត ដែល កើត ឡើង ក្នុង ធម្មជាតិ ។	none	none	automatically_resolved	approved	Confirm naturalness and spelling.
edu-029	test	Education	លទ្ធផលប្រឡងមិនមែនជារង្វាស់តែមួយនៃសមត្ថភាពទេ។	លទ្ធផលប្រឡង មិន មែន ជា រង្វាស់ តែ មួយ នៃ សមត្ថភាព ទេ ។	amb-0151	none	needs_context_review	approved	Confirm naturalness and spelling.
edu-030	test	Education	សិស្សបានប្រៀបធៀបទំហំវត្ថុដោយប្រើបន្ទាត់។	សិស្ស បាន ប្រៀបធៀប ទំហំ វត្ថុ ដោយ ប្រើ បន្ទាត់ ។	amb-0152	none	needs_context_review	approved	Confirm naturalness and spelling.
edu-031	test	Education	គ្រូស្នើឱ្យសិស្សសង្ខេបអត្ថបទដោយពាក្យផ្ទាល់ខ្លួន។	គ្រូ ស្នើ ឱ្យ សិស្ស សង្ខេប អត្ថបទ ដោយ ពាក្យ ផ្ទាល់ ខ្លួន ។	none	none	automatically_resolved	approved	Confirm naturalness and spelling.
edu-032	test	Education	ការអប់រំបណ្តុះឱ្យមនុស្សមានចំណេះដឹងនិងសីលធម៌។	ការ អប់រំ បណ្តុះ ឱ្យ មនុស្ស មានចំណេះ ដឹង និង សីលធម៌ ។	amb-0153,amb-0154	none	needs_context_review	approved	Confirm naturalness and spelling.
edu-033	test	Education	មេរៀនអនឡាញអាចជួយសិស្សនៅតំបន់ឆ្ងាយ។	មេ រៀន អនឡាញ អាច ជួយ សិស្ស នៅ តំបន់ ឆ្ងាយ ។	none	none	automatically_resolved	approved	Confirm naturalness and spelling.
edu-034	test	Education	ក្រុមសិស្សបានបង្ហាញគម្រោងស្រាវជ្រាវនៅមុខថ្នាក់។	ក្រុម សិស្ស បាន បង្ហាញ គម្រោង ស្រាវជ្រាវ នៅ មុខ ថ្នាក់ ។	none	none	automatically_resolved	approved	Confirm naturalness and spelling.
edu-035	test	Education	ការហាត់សរសេរជារៀងរាល់ថ្ងៃជួយបង្កើនភាពស្ទាត់ជំនាញ។	ការ ហាត់ សរសេរ ជា រៀង រាល់ ថ្ងៃ ជួយ បង្កើន ភាព ស្ទាត់ ជំនាញ ។	none	none	automatically_resolved	approved	Confirm naturalness and spelling.
lit-001	dev	Literary and religious text	ព្រះអាទិត្យរះពីក្រោយភ្នំបំភ្លឺវាលស្រែពណ៌បៃតង។	ព្រះ អាទិត្យ រះ ពី ក្រោយ ភ្នំ បំភ្លឺ វាល ស្រែ ពណ៌ បៃតង ។	none	none	automatically_resolved	approved	Confirm naturalness and spelling.
lit-002	dev	Literary and religious text	ក្មេងប្រុសម្នាក់បានដើរតាមផ្លូវតូចចូលទៅក្នុងព្រៃ។	ក្មេង ប្រុស ម្នាក់ បាន ដើរ តាម ផ្លូវ តូច ចូល ទៅ ក្នុង ព្រៃ ។	none	none	automatically_resolved	approved	Confirm naturalness and spelling.
lit-003	dev	Literary and religious text	នៅមាត់ទន្លេមានដើមឈើធំមួយឈរផ្តល់ម្លប់។	នៅ មាត់ទន្លេ មាន ដើមឈើ ធំ មួយ ឈរ ផ្តល់ ម្លប់ ។	amb-0155,amb-0156	none	needs_context_review	approved	Confirm naturalness and spelling.
lit-004	dev	Literary and religious text	យាយបាននិទានរឿងព្រេងឱ្យចៅៗស្តាប់មុនចូលគេង។	យាយ បាន និទាន រឿងព្រេង ឱ្យ ចៅ ៗ ស្តាប់ មុន ចូល គេង ។	amb-0157	none	needs_context_review	approved	Confirm naturalness and spelling.
lit-005	dev	Literary and religious text	សត្វក្អែកបានពាំចំណីទៅឱ្យកូននៅក្នុងសំបុក។	សត្វ ក្អែក បាន ពាំ ចំណី ទៅ ឱ្យ កូន នៅ ក្នុង សំបុក ។	amb-0158	none	needs_context_review	approved	Confirm naturalness and spelling.
lit-006	dev	Literary and religious text	ខ្យល់រាត្រីបក់ត្រជាក់កាត់តាមស្លឹកឈើ។	ខ្យល់ រាត្រី បក់ ត្រជាក់ កាត់ តាម ស្លឹក ឈើ ។	amb-0159	none	needs_context_review	approved	Confirm naturalness and spelling.
lit-007	dev	Literary and religious text	បុរសក្រីក្របានចែកអាហារតិចតួចរបស់ខ្លួនដល់អ្នកដំណើរ។	បុរស ក្រី ក្រ បាន ចែក អាហារ តិចតួច របស់ ខ្លួន ដល់ អ្នក ដំណើរ ។	none	none	automatically_resolved	approved	Confirm naturalness and spelling.
lit-008	dev	Literary and religious text	សេចក្តីមេត្តាធ្វើឱ្យមនុស្សចេះជួយគ្នាក្នុងគ្រាលំបាក។	សេចក្តី មេត្តា ធ្វើ ឱ្យ មនុស្ស ចេះ ជួយ គ្នា ក្នុង គ្រា លំបាក ។	none	none	automatically_resolved	approved	Confirm naturalness and spelling.
lit-009	dev	Literary and religious text	អ្នកដែលប្រព្រឹត្តអំពើល្អតែងទទួលបានការគោរព។	អ្នក ដែល ប្រព្រឹត្ត អំពើ ល្អ តែង ទទួលបាន ការ គោរព ។	amb-0160	none	needs_context_review	approved	Confirm naturalness and spelling.
lit-010	dev	Literary and religious text	ព្រះសង្ឃបានសម្តែងព្រះធម៌អំពីការរស់នៅដោយសន្តិភាព។	ព្រះ សង្ឃ បាន សម្តែង ព្រះ ធម៌ អំពី ការ រស់ នៅ ដោយ សន្តិភាព ។	none	none	automatically_resolved	approved	Confirm naturalness and spelling.
lit-011	dev	Literary and religious text	ពុទ្ធបរិស័ទបាននាំគ្នាធ្វើបុណ្យនិងប្រគេនចង្ហាន់។	ពុទ្ធបរិស័ទ បាន នាំ គ្នា ធ្វើបុណ្យ និង ប្រគេន ចង្ហាន់ ។	amb-0161	none	needs_context_review	approved	Confirm naturalness and spelling.
lit-012	dev	Literary and religious text	ការចេះអត់ធ្មត់ជួយឱ្យចិត្តស្ងប់នៅពេលជួបបញ្ហា។	ការ ចេះ អត់ធ្មត់ ជួយ ឱ្យ ចិត្តស្ងប់ នៅ ពេល ជួប បញ្ហា ។	amb-0162	none	needs_context_review	approved	Confirm naturalness and spelling.
lit-013	dev	Literary and religious text	មនុស្សគ្រប់រូបត្រូវទទួលខុសត្រូវចំពោះទង្វើរបស់ខ្លួន។	មនុស្ស គ្រប់ រូប ត្រូវ ទទួលខុសត្រូវ ចំពោះ ទង្វើ របស់ ខ្លួន ។	none	none	automatically_resolved	approved	Confirm naturalness and spelling.
lit-014	dev	Literary and religious text	ស្តេចបានកោះហៅមន្ត្រីមកប្រជុំនៅព្រះបរមរាជវាំង។	ស្តេច បាន កោះហៅ មន្ត្រី មក ប្រជុំ នៅ ព្រះ បរម រាជវាំង ។	amb-0163	none	needs_context_review	approved	Confirm naturalness and spelling.
lit-015	dev	Literary and religious text	ព្រះរាជបុត្របានយាងទៅសួរសុខទុក្ខប្រជារាស្ត្រនៅជនបទ។	ព្រះ រាជបុត្រ បាន យាង ទៅ សួរសុខទុក្ខ ប្រជារាស្ត្រ នៅ ជនបទ ។	amb-0164,amb-0165,amb-0166	none	needs_context_review	approved	Confirm naturalness and spelling.
lit-016	dev	Literary and religious text	ទន្សាយប្រើប្រាជ្ញាដើម្បីគេចផុតពីសត្វតោ។	ទន្សាយ ប្រើ ប្រាជ្ញា ដើម្បី គេច ផុត ពី សត្វ តោ ។	none	none	automatically_resolved	approved	Confirm naturalness and spelling.
lit-017	dev	Literary and religious text	ត្រីតូចបានហែលតាមខ្សែទឹកទៅកាន់បឹងធំ។	ត្រី តូច បាន ហែល តាម ខ្សែ ទឹក ទៅ កាន់ បឹង ធំ ។	none	none	automatically_resolved	approved	Confirm naturalness and spelling.
lit-018	dev	Literary and religious text	នាងបានរង់ចាំបងប្រុសនៅក្រោមដើមពោធិ៍។	នាង បាន រង់ ចាំ បង ប្រុស នៅ ក្រោម ដើម ពោធិ៍ ។	none	none	automatically_resolved	approved	Confirm naturalness and spelling.
lit-019	dev	Literary and religious text	ពន្លឺព្រះចន្ទចាំងលើផ្ទៃទឹកដូចកញ្ចក់។	ពន្លឺ ព្រះ ចន្ទ ចាំង លើ ផ្ទៃ ទឹក ដូច កញ្ចក់ ។	none	none	automatically_resolved	approved	Confirm naturalness and spelling.
lit-020	dev	Literary and religious text	សំឡេងចាបយំលាន់ឮពេញព្រៃនៅពេលព្រឹក។	សំឡេង ចាប យំ លាន់ ឮ ពេញ ព្រៃ នៅ ពេល ព្រឹក ។	none	none	automatically_resolved	approved	Confirm naturalness and spelling.
lit-021	dev	Literary and religious text	អ្នកភូមិបានសាមគ្គីគ្នាសង់ស្ពានឆ្លងអូរ។	អ្នក ភូមិ បាន សាមគ្គី គ្នា សង់ ស្ពាន ឆ្លង អូរ ។	none	none	automatically_resolved	approved	Confirm naturalness and spelling.
lit-022	dev	Literary and religious text	កុមារតូចបានរើសផ្កាដាក់ក្នុងកន្ត្រកឫស្សី។	កុមារ តូច បាន រើស ផ្កា ដាក់ ក្នុង កន្ត្រក ឫស្សី ។	none	none	automatically_resolved	approved	Confirm naturalness and spelling.
lit-023	dev	Literary and religious text	ភាពលោភលន់អាចនាំឱ្យមនុស្សបាត់បង់មិត្តភាព។	ភាព លោភលន់ អាច នាំ ឱ្យ មនុស្ស បាត់បង់ មិត្តភាព ។	amb-0167,amb-0168	none	needs_context_review	approved	Confirm naturalness and spelling.
lit-024	test	Literary and religious text	អ្នកប្រាជ្ញបានផ្តល់ដំបូន្មានឱ្យយុវជនស្គាល់ខុសត្រូវ។	អ្នកប្រាជ្ញ បាន ផ្តល់ ដំបូន្មាន ឱ្យ យុវជន ស្គាល់ ខុស ត្រូវ ។	amb-0169	none	needs_context_review	approved	Confirm naturalness and spelling.
lit-025	test	Literary and religious text	គោព្រៃមួយហ្វូងបានរត់កាត់វាលស្មៅដ៏ធំ។	គោព្រៃ មួយ ហ្វូង បាន រត់ កាត់ វាល ស្មៅ ដ៏ ធំ ។	amb-0170	none	needs_context_review	approved	Confirm naturalness and spelling.
lit-026	test	Literary and religious text	ទឹកសន្សើមធ្លាក់លើស្លឹកផ្កានៅមុនថ្ងៃរះ។	ទឹក សន្សើម ធ្លាក់ លើ ស្លឹក ផ្កា នៅ មុន ថ្ងៃ រះ ។	none	none	automatically_resolved	approved	Confirm naturalness and spelling.
lit-027	test	Literary and religious text	មាតាបានបំពេកូនដោយបទចម្រៀងដ៏ទន់ភ្លន់។	មាតា បាន បំពេ កូន ដោយ បទចម្រៀង ដ៏ ទន់ភ្លន់ ។	amb-0171	none	needs_context_review	approved	Confirm naturalness and spelling.
lit-028	test	Literary and religious text	មនុស្សចាស់តែងរំលឹករឿងរ៉ាវពីសម័យដើម។	មនុស្ស ចាស់ តែង រំលឹក រឿងរ៉ាវ ពី សម័យ ដើម ។	none	none	automatically_resolved	approved	Confirm naturalness and spelling.
lit-029	test	Literary and religious text	ព្រះភិក្ខុបានណែនាំឱ្យសិស្សរក្សាសីលនិងធ្វើសមាធិ។	ព្រះ ភិក្ខុ បាន ណែនាំ ឱ្យ សិស្ស រក្សា សីល និង ធ្វើ សមាធិ ។	none	none	automatically_resolved	approved	Confirm naturalness and spelling.
lit-030	test	Literary and religious text	អំពើហិង្សាមិនអាចបង្កើតសន្តិភាពដែលឋិតថេរបានទេ។	អំពើ ហិង្សា មិន អាច បង្កើត សន្តិភាព ដែល ឋិតថេរ បាន ទេ ។	none	none	automatically_resolved	approved	Confirm naturalness and spelling.
lit-031	test	Literary and religious text	បុរសនោះបានសារភាពកំហុសនិងសុំការអភ័យទោស។	បុរស នោះ បាន សារភាព កំហុស និង សុំ ការ អភ័យ ទោស ។	amb-0172	none	needs_context_review	approved	Confirm naturalness and spelling.
lit-032	test	Literary and religious text	ដំណក់ទឹកតូចៗអាចបំពេញពាងធំឱ្យពេញបាន។	ដំណក់ ទឹក តូចៗ អាច បំពេញ ពាង ធំ ឱ្យ ពេញ បាន ។	none	none	automatically_resolved	approved	Confirm naturalness and spelling.
lit-033	test	Literary and religious text	អ្នកដំណើរបានឈប់សម្រាកក្បែរអណ្តូងទឹកបុរាណ។	អ្នក ដំណើរ បាន ឈប់ សម្រាក ក្បែរ អណ្តូង ទឹក បុរាណ ។	none	none	automatically_resolved	approved	Confirm naturalness and spelling.
lit-034	test	Literary and religious text	ពេលល្ងាចសត្វស្លាបហើរត្រឡប់ទៅសំបុកវិញ។	ពេល ល្ងាច សត្វ ស្លាប ហើរ ត្រឡប់ ទៅ សំបុក វិញ ។	amb-0173	none	needs_context_review	approved	Confirm naturalness and spelling.
lit-035	test	Literary and religious text	សេចក្តីពិតអាចត្រូវលាក់បាំងប៉ុន្តែមិនអាចបាត់បង់បាន។	សេចក្តី ពិត អាច ត្រូវ លាក់ បាំង ប៉ុន្តែ មិន អាច បាត់បង់ បាន ។	amb-0174	none	needs_context_review	approved	Confirm naturalness and spelling.
tec-001	dev	Technical text	កម្មវិធីនេះអាចដំណើរការដោយមិនចាំបាច់ភ្ជាប់អ៊ីនធឺណិត។	កម្មវិធី នេះ អាច ដំណើរការ ដោយ មិន ចាំបាច់ ភ្ជាប់ អ៊ីនធឺណិត ។	amb-0175,amb-0176,amb-0177	none	needs_context_review	approved	Confirm naturalness and spelling.
tec-002	dev	Technical text	អ្នកប្រើត្រូវបញ្ចូលពាក្យសម្ងាត់មុនចូលគណនី។	អ្នក ប្រើ ត្រូវ បញ្ចូល ពាក្យសម្ងាត់ មុន ចូល គណនី ។	amb-0178	none	needs_context_review	approved	Confirm naturalness and spelling.
tec-003	dev	Technical text	ប្រព័ន្ធនឹងរក្សាទុកឯកសារដោយស្វ័យប្រវត្តិ។	ប្រព័ន្ធ នឹង រក្សាទុក ឯកសារ ដោយ ស្វ័យប្រវត្តិ ។	amb-0179	none	needs_context_review	approved	Confirm naturalness and spelling.
tec-004	dev	Technical text	ទិន្នន័យត្រូវបានអ៊ិនគ្រីបមុនបញ្ជូនតាមបណ្តាញ។	ទិន្នន័យ ត្រូវ បាន អ៊ិនគ្រីប មុន បញ្ជូន តាម បណ្តាញ ។	none	unres-0009	has_unresolved_spans	approved	Confirm naturalness and spelling.
tec-005	dev	Technical text	ម៉ាស៊ីនមេបានឆ្លើយតបទៅសំណើក្នុងរយៈពេលខ្លី។	ម៉ាស៊ីន មេ បាន ឆ្លើយ តប ទៅ សំណើ ក្នុង រយៈ ពេល ខ្លី ។	none	none	automatically_resolved	approved	Confirm naturalness and spelling.
tec-006	dev	Technical text	កម្មវិធីរុករកបង្ហាញទំព័រតាមអាសយដ្ឋានដែលបានបញ្ចូល។	កម្មវិធី រុករក បង្ហាញ ទំព័រ តាម អាសយដ្ឋាន ដែល បាន បញ្ចូល ។	amb-0180,amb-0181	none	needs_context_review	approved	Confirm naturalness and spelling.
tec-007	dev	Technical text	ឯកសារបម្រុងជួយសង្គ្រោះទិន្នន័យនៅពេលប្រព័ន្ធខូច។	ឯកសារ បម្រុង ជួយ សង្គ្រោះ ទិន្នន័យ នៅ ពេល ប្រព័ន្ធ ខូច ។	none	none	automatically_resolved	approved	Confirm naturalness and spelling.
tec-008	dev	Technical text	អ្នកអភិវឌ្ឍបានកែកំហុសនិងដំណើរការតេស្តឡើងវិញ។	អ្នក អភិវឌ្ឍ បាន កែ កំហុស និង ដំណើរការ តេស្ត ឡើង វិញ ។	amb-0182	none	needs_context_review	approved	Confirm naturalness and spelling.
tec-009	dev	Technical text	មូលដ្ឋានទិន្នន័យរក្សាកំណត់ត្រាតាមលំដាប់លេខសម្គាល់។	មូលដ្ឋាន ទិន្នន័យ រក្សា កំណត់ត្រា តាម លំដាប់ លេខ សម្គាល់ ។	amb-0183	none	needs_context_review	approved	Confirm naturalness and spelling.
tec-010	dev	Technical text	ការធ្វើបច្ចុប្បន្នភាពជួយបិទចន្លោះប្រហោងសុវត្ថិភាព។	ការ ធ្វើ បច្ចុប្បន្នភាព ជួយ បិទ ចន្លោះ ប្រហោង សុវត្ថិភាព ។	amb-0184,amb-0185	none	needs_context_review	approved	Confirm naturalness and spelling.
tec-011	dev	Technical text	បណ្តាញឥតខ្សែមានល្បឿនយឺតនៅពេលអ្នកប្រើច្រើន។	បណ្តាញ ឥត ខ្សែ មាន ល្បឿន យឺត នៅ ពេល អ្នក ប្រើ ច្រើន ។	none	none	automatically_resolved	approved	Confirm naturalness and spelling.
tec-012	dev	Technical text	កូដប្រភពត្រូវបានរក្សាទុកក្នុងប្រព័ន្ធគ្រប់គ្រងកំណែ។	កូដ ប្រភព ត្រូវ បាន រក្សាទុក ក្នុង ប្រព័ន្ធ គ្រប់គ្រង កំណែ ។	amb-0186	none	needs_context_review	approved	Confirm naturalness and spelling.
tec-013	dev	Technical text	កម្មវិធីបម្លែងអក្សរទៅជាទិន្នន័យយូនីកូដ។	កម្មវិធី បម្លែង អក្សរ ទៅជា ទិន្នន័យ យូនីកូដ ។	amb-0187,amb-0188	unres-0010	has_unresolved_spans	approved	Confirm naturalness and spelling.
tec-014	dev	Technical text	ចំណុចប្រទាក់នេះអនុញ្ញាតឱ្យកម្មវិធីពីរផ្លាស់ប្តូរទិន្នន័យ។	ចំណុច ប្រទាក់ នេះ អនុញ្ញាត ឱ្យ កម្មវិធី ពីរ ផ្លាស់ប្តូរ ទិន្នន័យ ។	amb-0189	none	needs_context_review	approved	Confirm naturalness and spelling.
tec-015	dev	Technical text	ការស្វែងរកប្រើសន្ទស្សន៍ដើម្បីបង្ហាញលទ្ធផលបានលឿន។	ការ ស្វែងរក ប្រើ សន្ទស្សន៍ ដើម្បី បង្ហាញ លទ្ធផល បាន លឿន ។	amb-0190	none	needs_context_review	approved	Confirm naturalness and spelling.
tec-016	dev	Technical text	ថ្មរបស់ទូរស័ព្ទអាចប្រើបានពេញមួយថ្ងៃ។	ថ្ម របស់ ទូរ ស័ព្ទ អាច ប្រើ បាន ពេញ មួយ ថ្ងៃ ។	none	none	automatically_resolved	approved	Confirm naturalness and spelling.
tec-017	dev	Technical text	ឧបករណ៍ចាប់សញ្ញាវាស់សីតុណ្ហភាពរៀងរាល់មួយនាទី។	ឧបករណ៍ ចាប់ សញ្ញា វាស់ សីតុណ្ហភាព រៀង រាល់ មួយ នាទី ។	amb-0191	none	needs_context_review	approved	Confirm naturalness and spelling.
tec-018	dev	Technical text	អ្នកប្រើអាចទាញយករបាយការណ៍ជាឯកសារភីឌីអេហ្វ។	អ្នក ប្រើ អាច ទាញ យក របាយការណ៍ ជា ឯកសារ ភី ឌីអេហ្វ ។	none	unres-0011	has_unresolved_spans	approved	Confirm naturalness and spelling.
tec-019	dev	Technical text	ប្រព័ន្ធប្រតិបត្តិការគ្រប់គ្រងអង្គចងចាំនិងឧបករណ៍ផ្សេងៗ។	ប្រព័ន្ធ ប្រតិបត្តិ ការ គ្រប់គ្រង អង្គ ចងចាំ និង ឧបករណ៍ ផ្សេងៗ ។	amb-0192	none	needs_context_review	approved	Confirm naturalness and spelling.
tec-020	dev	Technical text	ក្បួនដោះស្រាយនេះជ្រើសរើសផ្លូវដែលមានតម្លៃទាបបំផុត។	ក្បួន ដោះស្រាយ នេះ ជ្រើសរើស ផ្លូវ ដែល មាន តម្លៃ ទាប បំផុត ។	none	none	automatically_resolved	approved	Confirm naturalness and spelling.
tec-021	test	Technical text	វចនានុក្រមត្រូវបានបម្លែងទៅជាទម្រង់បង្រួមសម្រាប់កម្មវិធីបង្កប់។	វចនានុក្រម ត្រូវ បាន បម្លែង ទៅជា ទម្រង់ បង្រួម សម្រាប់ កម្មវិធី បង្កប់ ។	amb-0193,amb-0194	none	needs_context_review	approved	Confirm naturalness and spelling.
tec-022	test	Technical text	កម្មវិធីបែងចែកពាក្យប្រើប្រេកង់ដើម្បីជ្រើសផ្លូវសមស្រប។	កម្មវិធី បែងចែក ពាក្យ ប្រើ ប្រេកង់ ដើម្បី ជ្រើស ផ្លូវ សមស្រប ។	amb-0195,amb-0196	none	needs_context_review	approved	Confirm naturalness and spelling.
tec-023	test	Technical text	សេវានេះផ្ញើការជូនដំណឹងនៅពេលមានកំហុស។	សេវា នេះ ផ្ញើ ការ ជូនដំណឹង នៅ ពេល មាន កំហុស ។	amb-0197,amb-0198	none	needs_context_review	approved	Confirm naturalness and spelling.
tec-024	test	Technical text	អ្នកគ្រប់គ្រងអាចកំណត់សិទ្ធិចូលប្រើសម្រាប់គណនីនីមួយៗ។	អ្នក គ្រប់គ្រង អាច កំណត់ សិទ្ធិ ចូល ប្រើ សម្រាប់ គណនី នីមួយៗ ។	none	none	automatically_resolved	approved	Confirm naturalness and spelling.
tec-025	test	Technical text	គេហទំព័រត្រូវបានរចនាឱ្យបង្ហាញល្អលើអេក្រង់តូច។	គេហទំព័រ ត្រូវ បាន រចនា ឱ្យ បង្ហាញ ល្អ លើ អេក្រង់ តូច ។	none	none	automatically_resolved	approved	Confirm naturalness and spelling.
tec-026	test	Technical text	ទិន្នន័យបញ្ចូលត្រូវឆ្លងកាត់ការផ្ទៀងផ្ទាត់មុនដំណើរការ។	ទិន្នន័យ បញ្ចូល ត្រូវ ឆ្លងកាត់ ការ ផ្ទៀងផ្ទាត់ មុន ដំណើរការ ។	amb-0199,amb-0200	none	needs_context_review	approved	Confirm naturalness and spelling.
tec-027	test	Technical text	ឃ្លាំងកូដបានកត់ត្រាប្រវត្តិនៃការផ្លាស់ប្តូរទាំងអស់។	ឃ្លាំង កូដ បាន កត់ ត្រា ប្រវត្តិ នៃ ការ ផ្លាស់ប្តូរ ទាំងអស់ ។	amb-0201	none	needs_context_review	approved	Confirm naturalness and spelling.
tec-028	test	Technical text	កម្មវិធីអាចធ្វើការលើវីនដូលីនុចនិងប្រព័ន្ធផ្សេងទៀត។	កម្មវិធី អាច ធ្វើការ លើ វីនដូ លីនុច និង ប្រព័ន្ធ ផ្សេង ទៀត ។	amb-0202,amb-0203	unres-0012	has_unresolved_spans	approved	Confirm naturalness and spelling.
tec-029	test	Technical text	ការបង្ហាប់ឯកសារជួយកាត់បន្ថយទំហំសម្រាប់ផ្ទេរតាមបណ្តាញ។	ការ បង្ហាប់ ឯកសារ ជួយ កាត់ បន្ថយ ទំហំ សម្រាប់ ផ្ទេរ តាម បណ្តាញ ។	none	none	automatically_resolved	approved	Confirm naturalness and spelling.
tec-030	test	Technical text	អ្នកប្រើគួរបង្កើតពាក្យសម្ងាត់ដែលពិបាកទាយ។	អ្នក ប្រើ គួរ បង្កើត ពាក្យសម្ងាត់ ដែល ពិបាក ទាយ ។	amb-0204	none	needs_context_review	approved	Confirm naturalness and spelling.
nam-001	dev	Names and locations	សុភារស់នៅក្នុងរាជធានីភ្នំពេញជាមួយគ្រួសារ។	សុភា រស់ នៅ ក្នុង រាជធានី ភ្នំពេញ ជាមួយ គ្រួសារ ។	amb-0205,amb-0206	none	needs_context_review	approved	Confirm naturalness and spelling.
nam-002	dev	Names and locations	ដារ៉ាបានធ្វើដំណើរពីកំពង់ចាមទៅសៀមរាប។	ដារ៉ា បាន ធ្វើ ដំណើរ ពី កំពង់ចាម ទៅ សៀមរាប ។	none	unres-0013	has_unresolved_spans	approved	Confirm naturalness and spelling.
nam-003	dev	Names and locations	ស្រីនាងកំពុងសិក្សានៅសាកលវិទ្យាល័យភូមិន្ទភ្នំពេញ។	ស្រី នាង កំពុង សិក្សា នៅ សាកលវិទ្យាល័យ ភូមិន្ទ ភ្នំពេញ ។	amb-0207	none	needs_context_review	approved	Confirm naturalness and spelling.
nam-004	dev	Names and locations	លោកវណ្ណាបានទៅទស្សនាប្រាសាទអង្គរវត្ត។	លោក វណ្ណា បាន ទៅ ទស្សនា ប្រាសាទ អង្គរវត្ត ។	amb-0208	unres-0014,unres-0015	has_unresolved_spans	approved	Confirm naturalness and spelling.
nam-005	dev	Names and locations	ទន្លេមេគង្គហូរកាត់ខេត្តជាច្រើនក្នុងប្រទេសកម្ពុជា។	ទន្លេ មេគង្គ ហូរ កាត់ ខេត្ត ជា ច្រើន ក្នុង ប្រទេស កម្ពុជា ។	none	none	automatically_resolved	approved	Confirm naturalness and spelling.
nam-006	dev	Names and locations	ភ្នំគូលែនស្ថិតនៅក្នុងខេត្តសៀមរាប។	ភ្នំ គូលែន ស្ថិត នៅ ក្នុង ខេត្ត សៀមរាប ។	none	none	automatically_resolved	approved	Confirm naturalness and spelling.
nam-007	dev	Names and locations	កោះរ៉ុងជាគោលដៅទេសចរណ៍មួយក្នុងខេត្តព្រះសីហនុ។	កោះ រ៉ុ ង ជា គោលដៅ ទេសចរណ៍ មួយ ក្នុង ខេត្ត ព្រះសីហនុ ។	none	unres-0016	has_unresolved_spans	approved	Confirm naturalness and spelling.
nam-008	dev	Names and locations	ម៉ាលីបានផ្ញើសំបុត្រទៅមិត្តភក្តិនៅបាត់ដំបង។	ម៉ា លី បាន ផ្ញើ សំបុត្រ ទៅ មិត្តភក្តិ នៅ បាត់ដំបង ។	amb-0209	none	needs_context_review	approved	Confirm naturalness and spelling.
nam-009	dev	Names and locations	លោកគ្រូសុខាបង្រៀនភាសាខ្មែរនៅវិទ្យាល័យព្រះស៊ីសុវត្ថិ។	លោក គ្រូ សុខា បង្រៀន ភាសា ខ្មែរ នៅ វិទ្យាល័យ ព្រះ ស៊ី សុវត្ថិ ។	none	none	automatically_resolved	approved	Confirm naturalness and spelling.
nam-010	dev	Names and locations	គ្រួសាររបស់រតនាមានស្រុកកំណើតនៅខេត្តតាកែវ។	គ្រួសារ របស់ រតនា មាន ស្រុកកំណើត នៅ ខេត្ត តាកែវ ។	amb-0210,amb-0211,amb-0212	none	needs_context_review	approved	Confirm naturalness and spelling.
nam-011	dev	Names and locations	អ្នកស្រីចន្ទាបានបើកហាងលក់សៀវភៅនៅក្រុងបាត់ដំបង។	អ្នក ស្រី ចន្ទា បាន បើក ហាង លក់ សៀវភៅ នៅ ក្រុង បាត់ដំបង ។	amb-0213	unres-0017	has_unresolved_spans	approved	Confirm naturalness and spelling.
nam-012	dev	Names and locations	វិសាលបានជិះរថភ្លើងពីភ្នំពេញទៅព្រះសីហនុ។	វិសាល បាន ជិះ រថភ្លើង ពី ភ្នំពេញ ទៅ ព្រះសីហនុ ។	amb-0214,amb-0215	none	needs_context_review	approved	Confirm naturalness and spelling.
nam-013	dev	Names and locations	បឹងទន្លេសាបជាប្រភពត្រីដ៏សំខាន់សម្រាប់ប្រជាជន។	បឹង ទន្លេសាប ជា ប្រភព ត្រី ដ៏ សំខាន់ សម្រាប់ ប្រជាជន ។	amb-0216	none	needs_context_review	approved	Confirm naturalness and spelling.
nam-014	dev	Names and locations	ឧទ្យានជាតិបូកគោមានអាកាសធាតុត្រជាក់និងទេសភាពស្រស់ស្អាត។	ឧទ្យានជាតិ បូកគោ មាន អាកាសធាតុ ត្រជាក់ និង ទេសភាព ស្រស់ ស្អាត ។	amb-0217,amb-0218,amb-0219,amb-0220	none	needs_context_review	approved	Confirm naturalness and spelling.
nam-015	dev	Names and locations	ស្ទឹងសែនហូរកាត់ក្រុងកំពង់ធំ។	ស្ទឹង សែន ហូរ កាត់ ក្រុង កំពង់ធំ ។	amb-0221	none	needs_context_review	approved	Confirm naturalness and spelling.
nam-016	dev	Names and locations	លោកជាវិបុលបានចូលរួមកិច្ចប្រជុំនៅទីក្រុងបាងកក។	លោក ជា វិបុល បាន ចូលរួម កិច្ច ប្រជុំ នៅ ទីក្រុង បាងកក ។	amb-0222,amb-0223	none	needs_context_review	approved	Confirm naturalness and spelling.
nam-017	dev	Names and locations	នាវាបានចាកចេញពីកំពង់ផែស្វយ័តក្រុងព្រះសីហនុ។	នាវា បាន ចាកចេញ ពី កំពង់ផែ ស្វយ័ត ក្រុង ព្រះសីហនុ ។	amb-0224,amb-0225	none	needs_context_review	approved	Confirm naturalness and spelling.
nam-018	test	Names and locations	ខេត្តមណ្ឌលគិរីមានភ្នំព្រៃនិងទឹកជ្រោះជាច្រើន។	ខេត្ត មណ្ឌលគិរី មាន ភ្នំ ព្រៃ និង ទឹកជ្រោះ ជា ច្រើន ។	amb-0226	none	needs_context_review	approved	Confirm naturalness and spelling.
nam-019	test	Names and locations	ចម្ការម្រេចនៅកំពតទទួលបានភ្ញៀវទេសចររៀងរាល់ឆ្នាំ។	ចម្ការ ម្រេច នៅ កំពត ទទួលបាន ភ្ញៀវ ទេសចរ រៀង រាល់ ឆ្នាំ ។	amb-0227	none	needs_context_review	approved	Confirm naturalness and spelling.
nam-020	test	Names and locations	សារមន្ទីរជាតិស្ថិតនៅក្បែរព្រះបរមរាជវាំងក្នុងរាជធានីភ្នំពេញ។	សារមន្ទីរ ជាតិ ស្ថិត នៅ ក្បែរ ព្រះ បរម រាជវាំង ក្នុង រាជធានី ភ្នំពេញ ។	amb-0228,amb-0229	none	needs_context_review	approved	Confirm naturalness and spelling.
nam-021	test	Names and locations	កញ្ញាលីណាបានធ្វើការនៅអង្គការមួយក្នុងក្រុងប៉ោយប៉ែត។	កញ្ញា លី ណា បាន ធ្វើការ នៅ អង្គការ មួយ ក្នុង ក្រុង ប៉ោយ ប៉ែ ត ។	amb-0230,amb-0231	none	needs_context_review	approved	Confirm naturalness and spelling.
nam-022	test	Names and locations	ផ្លូវពីក្រចេះទៅស្ទឹងត្រែងរត់តាមដងទន្លេមេគង្គ។	ផ្លូវ ពី ក្រចេះ ទៅ ស្ទឹងត្រែង រត់ តាម ដង ទន្លេ មេគង្គ ។	amb-0232	none	needs_context_review	approved	Confirm naturalness and spelling.
nam-023	test	Names and locations	ប្រាសាទព្រះវិហារស្ថិតនៅលើតំបន់ខ្ពង់រាប។	ប្រាសាទ ព្រះវិហារ ស្ថិត នៅ លើ តំបន់ខ្ពង់រាប ។	amb-0233	none	needs_context_review	approved	Confirm naturalness and spelling.
nam-024	test	Names and locations	សុវណ្ណបានទៅលេងសាច់ញាតិនៅស្រុកមោងឫស្សី។	សុវណ្ណ បាន ទៅ លេង សាច់ញាតិ នៅ ស្រុក មោង ឫស្សី ។	amb-0234	none	needs_context_review	approved	Confirm naturalness and spelling.
nam-025	test	Names and locations	ក្រុមហ៊ុនអង្គរដឹកជញ្ជូនបានបើកសាខាថ្មីនៅបាវិត។	ក្រុមហ៊ុន អង្គរ ដឹក ជញ្ជូន បាន បើក សាខា ថ្មី នៅ បាវិត ។	none	unres-0018	has_unresolved_spans	approved	Confirm naturalness and spelling.
rep-001	dev	Repetition forms and numerals	កុមារម្នាក់ៗទទួលបានសៀវភៅពីរក្បាល។	កុមារ ម្នាក់ៗ ទទួលបាន សៀវភៅ ពីរ ក្បាល ។	amb-0235	none	needs_context_review	approved	Confirm naturalness and spelling.
rep-002	dev	Repetition forms and numerals	អ្នកចូលរួមត្រូវឈរជាក្រុមៗនៅមុខសាលា។	អ្នក ចូលរួម ត្រូវ ឈរ ជា ក្រុម ៗ នៅ មុខ សាលា ។	amb-0236	none	needs_context_review	approved	Confirm naturalness and spelling.
rep-003	dev	Repetition forms and numerals	គាត់ដើរយឺតៗតាមផ្លូវក្បែរមាត់ទន្លេ។	គាត់ ដើរ យឺតៗ តាម ផ្លូវ ក្បែរ មាត់ទន្លេ ។	amb-0237	none	needs_context_review	approved	Confirm naturalness and spelling.
rep-004	dev	Repetition forms and numerals	សូមអានពាក្យនីមួយៗឱ្យបានច្បាស់។	សូម អាន ពាក្យ នីមួយៗ ឱ្យ បាន ច្បាស់ ។	none	none	automatically_resolved	approved	Confirm naturalness and spelling.
rep-005	dev	Repetition forms and numerals	ផ្ទះតូចៗជាច្រើនស្ថិតនៅតាមជើងភ្នំ។	ផ្ទះ តូចៗ ជា ច្រើន ស្ថិត នៅ តាម ជើង ភ្នំ ។	none	none	automatically_resolved	approved	Confirm naturalness and spelling.
rep-006	dev	Repetition forms and numerals	រថយន្តបានឈប់ម្តងៗដើម្បីទទួលអ្នកដំណើរ។	រថយន្ត បាន ឈប់ ម្តងៗ ដើម្បី ទទួល អ្នក ដំណើរ ។	none	none	automatically_resolved	approved	Confirm naturalness and spelling.
rep-007	dev	Repetition forms and numerals	នៅឆ្នាំ២០២៥សាលាមានសិស្ស១២០០នាក់។	នៅ ឆ្នាំ ២០២៥ សាលា មាន សិស្ស ១២០០ នាក់ ។	none	none	automatically_resolved	approved	Confirm naturalness and spelling.
rep-008	dev	Repetition forms and numerals	កិច្ចប្រជុំចាប់ផ្តើមម៉ោង៨និង៣០នាទីព្រឹក។	កិច្ច ប្រជុំ ចាប់ផ្តើម ម៉ោង ៨ និង ៣០ នាទី ព្រឹក ។	amb-0238,amb-0239	none	needs_context_review	approved	Confirm naturalness and spelling.
rep-009	dev	Repetition forms and numerals	សំបុត្រមួយសន្លឹកមានតម្លៃ៥០០០រៀល។	សំបុត្រ មួយ សន្លឹក មាន តម្លៃ ៥០០០ រៀល ។	none	none	automatically_resolved	approved	Confirm naturalness and spelling.
rep-010	dev	Repetition forms and numerals	គម្រោងនេះត្រូវអនុវត្តក្នុងរយៈពេល៣ឆ្នាំ។	គម្រោង នេះ ត្រូវ អនុវត្ត ក្នុង រយៈ ពេល ៣ ឆ្នាំ ។	none	none	automatically_resolved	approved	Confirm naturalness and spelling.
rep-011	dev	Repetition forms and numerals	ចម្ងាយពីភូមិទៅសាលាមានប្រវែង២គីឡូម៉ែត្រ។	ចម្ងាយ ពី ភូមិ ទៅ សាលា មាន ប្រវែង ២ គីឡូម៉ែត្រ ។	none	none	automatically_resolved	approved	Confirm naturalness and spelling.
rep-012	dev	Repetition forms and numerals	សិស្សបានដាំកូនឈើ២៥ដើមនៅថ្ងៃទី៥ខែមិថុនា។	សិស្ស បាន ដាំ កូនឈើ ២៥ ដើម នៅ ថ្ងៃ ទី ៥ ខែ មិថុនា ។	amb-0240	none	needs_context_review	approved	Confirm naturalness and spelling.
rep-013	dev	Repetition forms and numerals	ភ្ញៀវបានចូលមកជាបន្តបន្ទាប់ម្តងមួយៗ។	ភ្ញៀវ បាន ចូល មក ជា បន្តបន្ទាប់ ម្តង មួយៗ ។	amb-0241	none	needs_context_review	approved	Confirm naturalness and spelling.
rep-014	test	Repetition forms and numerals	គាត់គោះទ្វារតិចៗចំនួនបីដង។	គាត់ គោះ ទ្វារ តិចៗ ចំនួន បី ដង ។	none	none	automatically_resolved	approved	Confirm naturalness and spelling.
rep-015	test	Repetition forms and numerals	អ្នកលក់រៀបផ្លែឈើជាគំនរៗនៅលើតុ។	អ្នក លក់ រៀប ផ្លែ ឈើ ជា គំនរ ៗ នៅ លើ តុ ។	none	none	automatically_resolved	approved	Confirm naturalness and spelling.
rep-016	test	Repetition forms and numerals	ក្រុមនីមួយៗមានសមាជិក៦នាក់។	ក្រុម នីមួយៗ មាន សមាជិក ៦ នាក់ ។	none	none	automatically_resolved	approved	Confirm naturalness and spelling.
rep-017	test	Repetition forms and numerals	ទឹកមួយដបមានចំណុះ១,៥លីត្រ។	ទឹក មួយ ដប មាន ចំណុះ ១,៥ លីត្រ ។	amb-0242	unres-0019	has_unresolved_spans	approved	Confirm naturalness and spelling.
rep-018	test	Repetition forms and numerals	គាត់សន្សំប្រាក់បាន១០០០០០រៀលក្នុងមួយខែ។	គាត់ សន្សំ ប្រាក់ បាន ១០០០០០ រៀល ក្នុង មួយ ខែ ។	none	none	automatically_resolved	approved	Confirm naturalness and spelling.
rep-019	test	Repetition forms and numerals	កីឡាកររត់ជុំវិញទីលាន៤ជុំរៀងរាល់ព្រឹក។	កីឡាករ រត់ ជុំវិញ ទីលាន ៤ ជុំ រៀង រាល់ ព្រឹក ។	amb-0243,amb-0244	none	needs_context_review	approved	Confirm naturalness and spelling.
rep-020	test	Repetition forms and numerals	សូមពិនិត្យឯកសារម្តងហើយម្តងទៀតមុនផ្ញើ។	សូម ពិនិត្យ ឯកសារ ម្តង ហើយ ម្តង ទៀត មុន ផ្ញើ ។	none	none	automatically_resolved	approved	Confirm naturalness and spelling.
uni-001	dev	Valid but difficult Unicode	ខ្ញុំស្ដាប់ព័ត៌មានតាមវិទ្យុរៀងរាល់ព្រឹក។	ខ្ញុំ ស្ដាប់ ព័ត៌មាន តាម វិទ្យុ រៀង រាល់ ព្រឹក ។	none	none	automatically_resolved	approved	Confirm naturalness and spelling.
uni-002	dev	Valid but difficult Unicode	ខ្ញុំស្តាប់ព័ត៌មានតាមវិទ្យុរៀងរាល់ព្រឹក។	ខ្ញុំ ស្តាប់ ព័ត៌មាន តាម វិទ្យុ រៀង រាល់ ព្រឹក ។	none	none	automatically_resolved	approved	Confirm naturalness and spelling.
uni-003	dev	Valid but difficult Unicode	សេចក្ដីសុខកើតចេញពីចិត្តដែលស្ងប់។	សេចក្ដី សុខ កើត ចេញ ពី ចិត្ត ដែល ស្ងប់ ។	none	none	automatically_resolved	approved	Confirm naturalness and spelling.
uni-004	dev	Valid but difficult Unicode	សេចក្តីសុខកើតចេញពីចិត្តដែលស្ងប់។	សេចក្តី សុខ កើត ចេញ ពី ចិត្ត ដែល ស្ងប់ ។	none	none	automatically_resolved	approved	Confirm naturalness and spelling.
uni-005	dev	Valid but difficult Unicode	ក្មេងៗបានឈរតម្រង់ជួរនៅមុខថ្នាក់។	ក្មេងៗ បាន ឈរ តម្រង់ ជួរ នៅ មុខ ថ្នាក់ ។	none	none	automatically_resolved	approved	Confirm naturalness and spelling.
uni-006	dev	Valid but difficult Unicode	នាងឱ្យសៀវភៅនីមួយៗទៅសិស្ស។	នាង ឱ្យ សៀវភៅ នីមួយៗ ទៅ សិស្ស ។	none	none	automatically_resolved	approved	Confirm naturalness and spelling.
uni-007	dev	Valid but difficult Unicode	តម្លៃសរុបគឺ១២៥០០៛រួមទាំងពន្ធ។	តម្លៃ សរុប គឺ ១២៥០០ ៛ រួម ទាំង ពន្ធ ។	none	none	automatically_resolved	approved	Confirm naturalness and spelling.
uni-008	dev	Valid but difficult Unicode	គាត់បាននិយាយថា«សូមអរគុណ»។	គាត់ បាន និយាយ ថា « សូម អរគុណ » ។	amb-0245	none	needs_context_review	approved	Confirm naturalness and spelling.
uni-009	dev	Valid but difficult Unicode	ពាក្យ«អភិវឌ្ឍន៍»មានសញ្ញាបន្តក់និងទណ្ឌឃាត។	ពាក្យ « អភិវឌ្ឍន៍ » មាន សញ្ញា បន្តក់ និង ទណ្ឌឃាត ។	none	none	automatically_resolved	approved	Confirm naturalness and spelling.
uni-010	dev	Valid but difficult Unicode	ព្រះពុទ្ធសាសនាបង្រៀនឱ្យមនុស្សប្រព្រឹត្តអំពើល្អ។	ព្រះ ពុទ្ធសាសនា បង្រៀន ឱ្យ មនុស្ស ប្រព្រឹត្ត អំពើ ល្អ ។	amb-0246	none	needs_context_review	approved	Confirm naturalness and spelling.
uni-011	test	Valid but difficult Unicode	សិស្សបានសរសេរពាក្យ«កម្មវិធី»នៅលើក្ដារខៀន។	សិស្ស បាន សរសេរ ពាក្យ « កម្មវិធី » នៅ លើ ក្ដារខៀន ។	amb-0247	none	needs_context_review	approved	Confirm naturalness and spelling.
uni-012	test	Valid but difficult Unicode	សិស្សបានសរសេរពាក្យ«កម្មវិធី»នៅលើក្តារខៀន។	សិស្ស បាន សរសេរ ពាក្យ « កម្មវិធី » នៅ លើ ក្តារខៀន ។	amb-0248	none	needs_context_review	approved	Confirm naturalness and spelling.
uni-013	test	Valid but difficult Unicode	ថ្ងៃនេះជាថ្ងៃទី១៥ខែកញ្ញាឆ្នាំ២០២៦។	ថ្ងៃ នេះ ជា ថ្ងៃ ទី ១៥ ខែ កញ្ញា ឆ្នាំ ២០២៦ ។	none	none	automatically_resolved	approved	Confirm naturalness and spelling.
uni-014	test	Valid but difficult Unicode	អ៊ីមែលរបស់គាត់មានអក្សរខ្មែរនិងលេខ២។	អ៊ីមែល របស់ គាត់ មាន អក្សរ ខ្មែរ និង លេខ ២ ។	none	none	automatically_resolved	approved	Confirm naturalness and spelling.
uni-015	test	Valid but difficult Unicode	ពួកគេបញ្ចប់ការងារហើយៗក៏ត្រឡប់ទៅផ្ទះវិញ។	ពួក គេ បញ្ចប់ ការងារ ហើយៗ ក៏ ត្រឡប់ ទៅ ផ្ទះ វិញ ។	amb-0249	none	needs_context_review	approved	Confirm naturalness and spelling.
